participant_id,age,Gender (F/M),education,handedness,response,rt,Acceptability judgment (Correct/Neither/Wrong).1,Reaction time in ms.1,Acceptability judgment (Correct/Neither/Wrong).2,Reaction time in ms.2,Acceptability judgment (Correct/Neither/Wrong).3,Reaction time in ms.3,Acceptability judgment (Correct/Neither/Wrong).4,Reaction time in ms.4,Acceptability judgment (Correct/Neither/Wrong).5,Reaction time in ms.5,Acceptability judgment (Correct/Neither/Wrong).6,Reaction time in ms.6,Acceptability judgment (Correct/Neither/Wrong).7,Reaction time in ms.7,Acceptability judgment (Correct/Neither/Wrong).8,Reaction time in ms.8,Acceptability judgment (Correct/Neither/Wrong).9,Reaction time in ms.9,Acceptability judgment (Correct/Neither/Wrong).10,Reaction time in ms.10,Acceptability judgment (Correct/Neither/Wrong).11,Reaction time in ms.11,Acceptability judgment (Correct/Neither/Wrong).12,Reaction time in ms.12,Acceptability judgment (Correct/Neither/Wrong).13,Reaction time in ms.13,Acceptability judgment (Correct/Neither/Wrong).14,Reaction time in ms.14,Acceptability judgment (Correct/Neither/Wrong).15,Reaction time in ms.15,Acceptability judgment (Correct/Neither/Wrong).16,Reaction time in ms.16,Acceptability judgment (Correct/Neither/Wrong).17,Reaction time in ms.17,Acceptability judgment (Correct/Neither/Wrong).18,Reaction time in ms.18,Acceptability judgment (Correct/Neither/Wrong).19,Reaction time in ms.19,Acceptability judgment (Correct/Neither/Wrong).20,Reaction time in ms.20,Acceptability judgment (Correct/Neither/Wrong).21,Reaction time in ms.21,Acceptability judgment (Correct/Neither/Wrong).22,Reaction time in ms.22,Acceptability judgment (Correct/Neither/Wrong).23,Reaction time in ms.23,Acceptability judgment (Correct/Neither/Wrong).24,Reaction time in ms.24,Acceptability judgment (Correct/Neither/Wrong).25,Reaction time in ms.25,Acceptability judgment (Correct/Neither/Wrong).26,Reaction time in ms.26,Acceptability judgment (Correct/Neither/Wrong).27,Reaction time in ms.27,Acceptability judgment (Correct/Neither/Wrong).28,Reaction time in ms.28,Acceptability judgment (Correct/Neither/Wrong).29,Reaction time in ms.29
23e5008017abd8535586dd856e9344a7,48,F,Tertiary,R,Correct,2507,Correct,1888,Correct,3235,Correct,2731,Correct,2686,Correct,2626,Correct,2581,Correct,10276,Correct,3459,Correct,2073,Correct,1971,Correct,2368,Correct,6727,Correct,4592,Correct,4658,Wrong,2587,Correct,16322,Wrong,6246,Wrong,63067,Wrong,3737,Wrong,3160,Wrong,3801,Wrong,2193,Wrong,3153,Wrong,5947,Wrong,2762,Wrong,5247,Wrong,2410,Wrong,4511,Wrong,2226
b8213b12349fcd2ba470b1d14b6d8c67,31,M,Tertiary,R,Correct,3259,Correct,2104,Neither,7985,Correct,2637,Neither,5163,Correct,4272,Neither,3312,Correct,1639,Neither,4030,Wrong,6705,Correct,2556,Correct,2843,Correct,3309,Correct,2919,Wrong,5829,Wrong,3986,Wrong,9417,Wrong,8874,Wrong,4123,Wrong,3199,Wrong,6299,Wrong,2837,Wrong,3905,Wrong,3400,Wrong,7950,Wrong,4436,Wrong,3741,Wrong,1820,Wrong,3308,Wrong,6297
f25d6883a369c1da2edb48d80c61a7d4,30,M,Tertiary,R,Wrong,4654,Wrong,2434,Wrong,2042,Wrong,2607,Wrong,9089,Correct,2937,Wrong,3393,Wrong,4718,Wrong,425,Wrong,10261,Correct,2648,Correct,3880,Correct,3453,Correct,5217,Neither,5098,Wrong,4240,Neither,7354,Wrong,2909,Wrong,2800,Wrong,2302,Correct,6115,Wrong,4190,Wrong,4182,Wrong,3437,Wrong,3510,Wrong,2190,Wrong,3351,Wrong,2974,Wrong,1839,Wrong,2738
88f1984e454df103c8fb72784f87d4aa,25,F,Tertiary,R,Correct,2244,Correct,3283,Correct,3198,Correct,7237,Correct,2755,Correct,2690,Correct,2617,Correct,3144,Correct,3811,Correct,4544,Correct,2658,Correct,2851,Correct,6915,Correct,2330,Correct,2513,Wrong,3294,Wrong,5558,Wrong,3271,Wrong,7990,Correct,5870,Wrong,4312,Wrong,3060,Wrong,4129,Wrong,5497,Wrong,20713,Wrong,3529,Wrong,13056,Wrong,4994,Wrong,7381,Wrong,4084
2e585872e08159852fdcf21a489870d5,27,F,Tertiary,R,Wrong,3907,Wrong,3595,Wrong,5187,Wrong,6291,Wrong,3399,Wrong,2041,Wrong,2515,Wrong,2213,Correct,4358,Wrong,766,Correct,6801,Correct,4995,Wrong,4262,Correct,4406,Correct,4660,Wrong,7844,Correct,8324,Wrong,5770,Wrong,9779,Wrong,10458,Correct,7413,Wrong,15324,Correct,4604,Wrong,5810,Wrong,6774,Wrong,11798,Wrong,6534,Wrong,6123,Wrong,6873,Wrong,3573
f18d39b93ce8bb3aba80fe3288087aca,33,M,Tertiary,R,Wrong,3160,Wrong,2736,Wrong,3586,Wrong,2891,Wrong,1607,Wrong,1710,Wrong,1910,Wrong,2063,Wrong,5182,Wrong,2759,Correct,1934,Correct,3567,Correct,1810,Correct,2318,Correct,3974,Wrong,2571,Wrong,3488,Wrong,7352,Correct,2107,Correct,3126,Wrong,2248,Wrong,2149,Wrong,4304,Wrong,3170,Wrong,3805,Wrong,3347,Correct,4498,Wrong,3924,Wrong,6201,Wrong,4053
d46d5b7e6b0bc074e73ba187fee50891,29,M,Tertiary,R,Correct,1819,Correct,2241,Correct,2267,Correct,2767,Correct,1629,Correct,3095,Correct,2557,Wrong,2388,Correct,2853,Correct,3196,Correct,1738,Correct,3510,Correct,1945,Correct,2598,Correct,2407,Wrong,2842,Wrong,3395,Wrong,2510,Wrong,3706,Wrong,1631,Wrong,5788,Correct,4869,Correct,3101,Wrong,3506,Wrong,3543,Wrong,2153,Wrong,4935,Wrong,3596,Wrong,2304,Wrong,6163
b795b08d19814da39daafd4a186d52c1,32,M,Tertiary,R,Correct,4273,Correct,15960,Correct,19740,Correct,8196,Correct,20532,Wrong,6534,Wrong,5400,Wrong,32153,Wrong,3860,Correct,19395,Correct,6887,Correct,15378,Correct,4909,Correct,14188,Neither,11114,Wrong,3559,Wrong,14496,Wrong,13458,Correct,7025,Wrong,3382,Wrong,2825,Wrong,4913,Wrong,9838,Correct,28746,Wrong,9792,Wrong,8224,Wrong,12255,Neither,13502,Wrong,5024,Wrong,22711
ddc3e7c4ae7c8e43e0bae7f21b9e038e,27,M,Tertiary,R,Wrong,2289,Wrong,2574,Wrong,2037,Wrong,2757,Wrong,4781,Wrong,4569,Wrong,2363,Wrong,2575,Wrong,1567,Wrong,8118,Correct,4570,Correct,4549,Correct,4024,Correct,5441,Correct,5185,Wrong,3666,Wrong,3613,Wrong,4053,Wrong,4270,Wrong,4918,Wrong,2789,Wrong,2570,Wrong,4817,Wrong,2783,Wrong,5974,Wrong,3909,Wrong,6893,Wrong,2864,Wrong,6350,Wrong,4017
8ea386ed94969bb6453f2c60265446df,53,F,Tertiary,R,Correct,1605,Correct,2341,Correct,2584,Neither,4714,Correct,2270,Correct,2393,Correct,1802,Correct,3448,Wrong,4495,Correct,3313,Correct,2056,Correct,1973,Correct,2004,Correct,4469,Correct,2438,Correct,3095,Correct,2263,Wrong,4232,Wrong,6747,Correct,3566,Wrong,3426,Wrong,4607,Correct,5046,Wrong,5964,Wrong,5355,Wrong,7758,Wrong,7538,Neither,5278,Neither,4804,Wrong,3728
39a7c64bb9ce89f113bbc219cb7419e1-1,65,M,Secondary,R,Correct,3044,Correct,3563,Correct,5235,Correct,2678,Correct,2477,Correct,3622,Correct,2401,Correct,2986,Correct,4438,Correct,3380,Correct,2617,Correct,4097,Correct,2487,Correct,3553,Correct,4781,Correct,2991,Correct,5433,Wrong,5206,Correct,5893,Correct,3140,Correct,3033,Correct,2606,Correct,4437,Correct,5248,Correct,7065,Correct,4359,Wrong,3751,Correct,3654,Wrong,6243,Correct,3859
39a7c64bb9ce89f113bbc219cb7419e1-2,60,F,Tertiary,R,Correct,3851,Correct,1751,Correct,2184,Correct,2739,Correct,2862,Correct,2149,Correct,2468,Correct,2100,Correct,2265,Correct,1621,Correct,2426,Correct,2334,Correct,1843,Correct,3137,Correct,3137,Wrong,3220,Wrong,3013,Wrong,2614,Wrong,3848,Wrong,5515,Wrong,2921,Wrong,2967,Wrong,3230,Wrong,2267,Wrong,4327,Wrong,3699,Wrong,5258,Wrong,2261,Wrong,2881,Correct,4159
d5f41e13829f23761fc1836343283ce8,50,M,Secondary,R,Correct,7721,Correct,5704,Neither,4493,Wrong,5576,Wrong,7117,Correct,2293,Correct,7432,Neither,4973,Neither,5298,Wrong,2906,Correct,4329,Correct,4633,Correct,1891,Correct,3317,Wrong,5071,Wrong,7138,Wrong,4809,Wrong,5607,Wrong,4284,Neither,4691,Wrong,3917,Wrong,7378,Correct,10299,Wrong,5738,Neither,5346,Wrong,4644,Wrong,5899,Wrong,4373,Wrong,9756,Wrong,6293
5e3a7b28f9e340e5020729a32cb20d1c,32,M,Tertiary,R,Correct,2638,Correct,3360,Correct,4781,Correct,3551,Correct,7458,Correct,2583,Correct,2281,Correct,3025,Correct,3235,Correct,4045,Correct,4528,Correct,2655,Correct,2562,Correct,2218,Correct,5088,Wrong,3075,Wrong,4794,Wrong,8202,Wrong,4100,Wrong,5110,Wrong,4315,Wrong,2821,Wrong,2721,Wrong,8793,Neither,9370,Wrong,10419,Neither,10523,Wrong,7833,Wrong,6048,Wrong,7462
e53d93839add0f8ecb8db112d5b2c956,20,F,Secondary,L,Wrong,4403,Neither,5092,Neither,2945,Correct,5310,Neither,3038,Wrong,3091,Correct,2915,Neither,4650,Neither,2738,Neither,4010,Correct,2523,Wrong,3999,Correct,2666,Correct,2532,Neither,3852,Correct,6580,Neither,11673,Neither,13694,Correct,4897,Correct,3114,Correct,2316,Neither,5529,Neither,5295,Correct,6393,Wrong,2349,Correct,9039,Correct,1848,Correct,4931,Wrong,12490,Correct,2687
f6e45a060ee913d7d7a69aec62d69c1b,33,M,Tertiary,R,Correct,9862,Wrong,8009,Correct,6672,Correct,6727,Wrong,10405,Correct,5012,Wrong,3339,Wrong,4768,Correct,6360,Wrong,8109,Correct,4001,Correct,2545,Correct,2408,Correct,9538,Correct,10772,Wrong,5187,Wrong,15699,Wrong,13132,Correct,6926,Wrong,6314,Wrong,2424,Wrong,3627,Wrong,6960,Wrong,3909,Wrong,10811,Wrong,7250,Wrong,5317,Wrong,6434,Wrong,7215,Wrong,5591
a3e41dd74593a4f845aa2db64a262c4e,32,M,Tertiary,R,Neither,5515,Wrong,4223,Correct,5632,Wrong,5822,Wrong,1614,Neither,4031,Neither,3196,Correct,4177,Wrong,3482,Neither,8910,Correct,7312,Correct,5427,Correct,3181,Correct,4079,Neither,6935,Wrong,7676,Wrong,2819,Wrong,4917,Wrong,2064,Wrong,3485,Wrong,2789,Wrong,2168,Wrong,5657,Wrong,2365,Wrong,1127,Wrong,3803,Wrong,3143,Wrong,2712,Wrong,5461,Wrong,3531
91a48e5650aba230aec3b376d8182228,29,F,Tertiary,R,Correct,4034,Correct,2101,Wrong,9730,Correct,2094,Correct,4885,Correct,1737,Wrong,5352,Correct,4828,Correct,3125,Correct,7228,Correct,2135,Correct,3279,Correct,1747,Correct,1774,Correct,2339,Wrong,2440,Wrong,4533,Wrong,5053,Correct,6546,Correct,4103,Wrong,2326,Correct,8581,Correct,10140,Wrong,2111,Wrong,5105,Wrong,9325,Wrong,4307,Wrong,4293,Wrong,5094,Wrong,5271
0e1d152c354265b6c4ee9f94e4d34502,57,M,Tertiary,R,Wrong,2799,Wrong,3593,Wrong,2135,Wrong,6670,Wrong,4538,Wrong,3184,Wrong,2613,Wrong,2424,Wrong,3611,Wrong,5314,Correct,3071,Correct,7576,Correct,2231,Correct,2606,Correct,8135,Wrong,5163,Wrong,3398,Wrong,3342,Wrong,4567,Wrong,4447,Wrong,2680,Wrong,4368,Wrong,3424,Wrong,5792,Wrong,4046,Wrong,7263,Wrong,3424,Wrong,6840,Wrong,4239,Wrong,3008
fe2fcce931e1f429cfcb9a129379a10b,22,F,Tertiary,R,Correct,1822,Correct,1693,Correct,5039,Correct,2331,Correct,2100,Correct,1831,Correct,4801,Correct,2457,Correct,2135,Correct,3873,Correct,2305,Correct,2913,Correct,2049,Correct,1894,Correct,2168,Correct,2818,Wrong,3027,Wrong,5260,Wrong,4180,Correct,3707,Wrong,3975,Wrong,2419,Correct,3770,Wrong,9406,Wrong,5885,Wrong,5016,Wrong,6862,Wrong,4191,Wrong,2679,Wrong,4067
9d4794a60eaf077448a8248c744eac42,34,M,Tertiary,R,Correct,4208,Correct,14304,Wrong,3288,Wrong,2673,Correct,4808,Correct,9673,Wrong,1906,Wrong,11977,Wrong,3777,Correct,6848,Correct,3594,Wrong,5105,Correct,5313,Correct,2384,Correct,7986,Wrong,11184,Wrong,12240,Wrong,9274,Wrong,3538,Neither,200,Wrong,5105,Wrong,2815,Correct,3785,Wrong,3113,Wrong,12449,Wrong,7705,Wrong,7265,Wrong,10386,Wrong,5178,Wrong,8145
f0d486536e2b9fa72c65d51310bf6ae3,68,F,Tertiary,R,Correct,4146,Wrong,3435,Correct,3400,Wrong,3326,Correct,2895,Correct,9918,Correct,6697,Wrong,9539,Correct,9332,Wrong,6093,Correct,3041,Correct,4072,Correct,3704,Correct,4601,Correct,3693,Correct,6155,Correct,3115,Correct,3586,Correct,6069,Correct,3937,Wrong,7517,Correct,6982,Correct,4515,Correct,8043,Wrong,7149,Wrong,6585,Correct,14827,Correct,7452,Correct,6657,Wrong,9279
40958c6e6177186bbe39628ab5bc4d4d,42,F,Tertiary,R,Wrong,3282,Wrong,8615,Wrong,2319,Wrong,3159,Wrong,2768,Wrong,3881,Wrong,2025,Wrong,2123,Wrong,2782,Wrong,1678,Correct,2765,Correct,3824,Correct,1876,Correct,1903,Neither,5454,Correct,3426,Wrong,5249,Wrong,4402,Correct,6863,Correct,4397,Wrong,5432,Correct,2808,Correct,3271,Wrong,5098,Wrong,6821,Wrong,5652,Wrong,5106,Wrong,4365,Wrong,2788,Wrong,4819
4951f0210095ea9bfe65ee78531e81f3,25,F,Tertiary,R,Wrong,6792,Wrong,3250,Wrong,4114,Wrong,10820,Wrong,3752,Wrong,6922,Wrong,3017,Wrong,3545,Wrong,4309,Wrong,2269,Correct,2518,Correct,5145,Correct,6562,Correct,1759,Correct,4942,Wrong,8691,Correct,7340,Wrong,6838,Wrong,4935,Wrong,3800,Wrong,10308,Wrong,6567,Wrong,4650,Wrong,5243,Wrong,6319,Wrong,3891,Wrong,4530,Wrong,6229,Wrong,6453,Wrong,4433
76b9c1df8428c17e2e42a54510a30ca1,39,M,Secondary,R,Correct,2654,Correct,4699,Correct,2316,Neither,5249,Correct,1830,Correct,1470,Neither,3981,Neither,3381,Neither,2467,Correct,1651,Correct,2278,Correct,2578,Correct,2325,Correct,4479,Correct,3349,Wrong,4112,Wrong,7395,Wrong,3832,Neither,7097,Wrong,2693,Wrong,6462,Wrong,2572,Correct,4176,Neither,7196,Correct,7373,Wrong,7083,Correct,8040,Correct,4578,Wrong,3488,Wrong,5859
1ec68c1e1cd6c5b4120002abfa565584,37,M,Secondary,R,Neither,6144,Neither,3176,Neither,3560,Neither,3083,Neither,2136,Neither,5371,Neither,3855,Neither,5081,Neither,3512,Neither,3153,Correct,5800,Correct,3728,Correct,2467,Correct,2939,Correct,4042,Wrong,7973,Wrong,10396,Wrong,6272,Correct,3251,Wrong,7943,Wrong,2962,Wrong,4055,Correct,6663,Correct,20324,Neither,17412,Wrong,5386,Wrong,9380,Wrong,4372,Wrong,15806,Wrong,7830
1e0279df7f5ba62c0be05d8ebaf6505b,61,F,Tertiary,R,Wrong,2902,Wrong,8055,Wrong,1972,Wrong,2662,Wrong,6899,Correct,4459,Wrong,2589,Wrong,2251,Wrong,2798,Wrong,7525,Correct,6435,Correct,6227,Correct,4246,Correct,2836,Correct,15616,Wrong,2502,Wrong,2644,Wrong,6858,Wrong,29941,Wrong,3077,Wrong,2587,Wrong,6085,Wrong,3261,Wrong,4891,Wrong,5042,Wrong,2682,Wrong,5637,Wrong,3796,Wrong,3906,Wrong,3165
8281fb6e51182db0eee5f881fe39e12e,24,M,Tertiary,R,Correct,1429,Correct,2001,Correct,1188,Correct,2385,Correct,1936,Correct,1595,Correct,2193,Correct,2021,Correct,3347,Correct,2500,Correct,2053,Correct,4558,Correct,2431,Correct,1772,Correct,2008,Wrong,4319,Wrong,5521,Wrong,2682,Wrong,2936,Correct,5483,Wrong,4906,Wrong,2085,Wrong,5030,Neither,8402,Wrong,3350,Wrong,4925,Wrong,6816,Neither,9074,Wrong,3867,Neither,7458
f1d1bbafe333d972f1d1e60131839dbd,69,F,Tertiary,R,Correct,6730,Neither,12176,Neither,5154,Neither,7186,Neither,6213,Neither,5134,Correct,6697,Neither,9723,Neither,3880,Neither,6669,Correct,5358,Correct,6290,Correct,2847,Neither,8528,Neither,7211,Wrong,3443,Wrong,8449,Wrong,4886,Correct,5300,Correct,4410,Wrong,4827,Wrong,4339,Wrong,3656,Wrong,4546,Wrong,3972,Wrong,12558,Wrong,3803,Wrong,2712,Wrong,3759,Wrong,4075
5e108b13cb5f473c783abd767734cdd2,35,M,Tertiary,R,Neither,3825,Correct,2109,Neither,4449,Neither,1834,Neither,2344,Correct,2233,Neither,1641,Neither,2187,Neither,1914,Neither,4414,Neither,2189,Neither,2578,Correct,2701,Neither,6437,Neither,5074,Wrong,2772,Wrong,2071,Wrong,3284,Wrong,3006,Wrong,2148,Wrong,4489,Wrong,2460,Wrong,1719,Wrong,4021,Wrong,9245,Wrong,1875,Wrong,2655,Wrong,3553,Wrong,4020,Wrong,2227
988263dfb3e08cb0bef2f10688bac91b,41,F,Tertiary,L,Neither,3549,Neither,3829,Neither,12243,Neither,3504,Neither,4160,Correct,4620,Neither,7404,Neither,8598,Neither,4877,Neither,5314,Correct,2472,Correct,3451,Correct,2557,Correct,2767,Correct,3304,Wrong,4033,Wrong,3041,Neither,8847,Wrong,3849,Wrong,2731,Wrong,2952,Wrong,3392,Wrong,3630,Wrong,2054,Wrong,5524,Wrong,2819,Wrong,9755,Wrong,4390,Wrong,3875,Wrong,2950
6e7418db303dd9e31953c5d00b26a0b4,29,F,Tertiary,R,Correct,3480,Correct,2262,Correct,3329,Correct,4294,Correct,7959,Correct,3667,Correct,3746,Neither,4311,Neither,5278,Correct,2806,Correct,4132,Correct,3390,Correct,4815,Correct,3374,Correct,4211,Wrong,2617,Wrong,4297,Wrong,4902,Wrong,6534,Wrong,4789,Correct,4052,Wrong,3047,Wrong,4191,Wrong,5437,Wrong,5474,Wrong,2657,Wrong,4381,Neither,6136,Wrong,4911,Wrong,4098
581d52468e76ad9802f39f2aaf1a80af,50,M,Secondary,R,Wrong,1364,Wrong,4454,Neither,3474,Wrong,3705,Wrong,1374,Neither,6823,Wrong,2614,Wrong,4309,Wrong,1574,Wrong,5034,Correct,2119,Correct,4029,Correct,1895,Correct,2985,Correct,4346,Wrong,2424,Wrong,3112,Wrong,3611,Wrong,6322,Wrong,3777,Wrong,2914,Wrong,3313,Wrong,2379,Wrong,2279,Wrong,2014,Wrong,5326,Wrong,2011,Wrong,2152,Wrong,2436,Wrong,3733
7a7cbc7c35210c75fa8fb9e09e8a24d9,26,M,Tertiary,R,Correct,3113,Correct,5537,Correct,2872,Wrong,3176,Wrong,7011,Correct,3721,Wrong,5257,Correct,2673,Wrong,3816,Wrong,5562,Correct,8602,Correct,6536,Neither,6065,Correct,4794,Correct,5761,Wrong,7023,Wrong,3137,Wrong,6360,Wrong,7442,Wrong,7554,Wrong,4825,Wrong,5834,Wrong,7274,Correct,7842,Correct,7738,Wrong,4673,Wrong,4817,Wrong,3145,Wrong,5881,Wrong,8251
9ad98d7a34a4ba3652efd5cf754c1b41,24,F,Tertiary,R,Correct,1662,Correct,4575,Correct,4047,Correct,2098,Correct,2928,Correct,1764,Correct,1863,Correct,1759,Correct,2268,Correct,2905,Correct,2077,Correct,1602,Correct,7156,Correct,7648,Correct,6481,Correct,2646,Wrong,7105,Wrong,5329,Wrong,4435,Neither,17780,Neither,4462,Wrong,3649,Wrong,6654,Wrong,9247,Neither,16344,Neither,10067,Neither,7440,Wrong,4272,Wrong,3996,Wrong,3269
9169729d7cfa2c5570b2d84deee8124b,42,F,Tertiary,R,Correct,2193,Correct,2086,Correct,3786,Correct,1760,Correct,1400,Correct,1591,Correct,2024,Correct,2124,Correct,1478,Correct,1383,Correct,1376,Correct,1792,Correct,2025,Wrong,2559,Correct,2530,Wrong,5440,Wrong,2307,Wrong,4809,Correct,2290,Wrong,2800,Wrong,2663,Correct,4714,Wrong,2881,Wrong,3757,Wrong,4185,Wrong,2202,Wrong,5362,Wrong,2528,Wrong,5377,Wrong,3702
021a49cde484f8fa18439f026ec99459,26,F,Tertiary,R,Neither,4487,Wrong,4068,Wrong,2947,Wrong,4965,Neither,1844,Neither,3885,Neither,4173,Neither,2754,Wrong,3445,Wrong,3301,Correct,3621,Correct,5267,Correct,4101,Correct,2466,Correct,2375,Correct,4245,Wrong,4051,Wrong,4276,Wrong,6120,Wrong,3237,Wrong,2887,Wrong,2694,Correct,2950,Neither,2306,Neither,5601,Wrong,4321,Correct,5831,Wrong,4630,Wrong,2739,Wrong,2503
7e1540e35eb2635a00e562354c2849a4,36,F,Tertiary,R,Correct,1680,Correct,1737,Correct,3137,Correct,1835,Correct,3411,Correct,1689,Correct,2060,Correct,1923,Correct,2389,Correct,2198,Correct,1658,Correct,4200,Correct,3489,Correct,2320,Correct,1806,Wrong,2381,Wrong,10090,Wrong,2529,Wrong,4089,Wrong,3544,Wrong,2275,Wrong,2622,Wrong,3053,Wrong,2583,Wrong,4342,Wrong,2386,Wrong,3267,Wrong,2987,Wrong,7283,Wrong,2281
10849c3bf6324bddb1c07b33c40f6354,30,M,Tertiary,R,Correct,1737,Correct,2195,Correct,2341,Wrong,4365,Correct,1850,Correct,2439,Correct,2505,Correct,2961,Correct,3208,Correct,2431,Correct,1933,Correct,2641,Correct,1784,Correct,2404,Correct,2391,Wrong,2074,Wrong,1918,Wrong,2871,Wrong,3977,Wrong,2555,Wrong,2066,Wrong,3384,Correct,3185,Wrong,4078,Wrong,2519,Wrong,2870,Wrong,2200,Wrong,2061,Wrong,2679,Wrong,2766
fa6e20cebcde03cce37df74fdc01e908,34,M,Tertiary,R,Correct,2300,Correct,5676,Correct,8482,Correct,3058,Wrong,8036,Correct,5346,Correct,2283,Correct,4222,Correct,3423,Wrong,5665,Correct,4421,Correct,2636,Correct,2392,Correct,5544,Correct,5685,Wrong,4997,Wrong,2860,Wrong,3091,Correct,2751,Wrong,4438,Wrong,4997,Wrong,3653,Wrong,2978,Wrong,2646,Wrong,5902,Wrong,2532,Wrong,3976,Wrong,2755,Wrong,4106,Wrong,3402
7d032f844f1c45ceed867ace66e7cc97,53,M,Tertiary,R,Wrong,2804,Wrong,3247,Wrong,2843,Wrong,3341,Wrong,3295,Wrong,13806,Wrong,7182,Wrong,4021,Wrong,5267,Wrong,3255,Correct,5786,Correct,2920,Correct,4150,Correct,2738,Correct,4598,Wrong,3502,Wrong,6982,Wrong,5809,Correct,13386,Correct,4398,Wrong,2950,Wrong,2717,Wrong,6019,Wrong,4460,Wrong,3508,Wrong,5918,Wrong,5565,Wrong,4438,Wrong,4317,Wrong,2935
9143f94afe5c0a117a4a629402f24d91,21,F,Secondary,L,Neither,3245,Neither,3847,Neither,2606,Correct,5516,Wrong,5599,Neither,3385,Neither,5531,Neither,3097,Neither,2454,Neither,2888,Correct,2254,Correct,3034,Correct,6500,Correct,3344,Correct,4059,Wrong,3628,Wrong,3971,Neither,9277,Correct,6457,Neither,5792,Wrong,5868,Wrong,7323,Correct,9822,Wrong,8426,Wrong,3709,Wrong,4780,Correct,11131,Wrong,6364,Wrong,7687,Wrong,9698
9f4e0b36deb76c14da0cc1f1f981dc34,43,F,Tertiary,R,Neither,23188,Neither,3302,Neither,2753,Neither,2553,Neither,2598,Correct,2772,Neither,2226,Wrong,5147,Neither,2981,Neither,3893,Correct,3035,Correct,3786,Correct,2415,Correct,2231,Correct,2827,Correct,4931,Correct,2452,Wrong,5100,Wrong,10179,Correct,3354,Wrong,3422,Correct,4314,Correct,4204,Wrong,8466,Neither,9452,Wrong,11748,Wrong,10708,Wrong,10504,Wrong,8537,Wrong,4701
a4962c5e668c30ab2e0b25a1a1f69eb5,24,M,Tertiary,R,Correct,2019,Correct,1753,Correct,2713,Correct,2373,Correct,2743,Correct,1613,Correct,1912,Correct,1757,Correct,2004,Correct,2356,Correct,2261,Correct,3031,Correct,2403,Correct,3595,Correct,3042,Wrong,1843,Wrong,2459,Wrong,5238,Correct,2550,Wrong,2270,Wrong,1742,Correct,4632,Correct,3134,Wrong,4003,Wrong,2035,Wrong,2350,Wrong,4113,Wrong,1811,Wrong,2969,Wrong,3105
acea9e154b49d6848ca69104fab50468,57,M,Tertiary,R,Neither,9636,Neither,7017,Neither,4916,Neither,2180,Correct,2841,Neither,13685,Neither,8466,Neither,3765,Neither,2269,Correct,3582,Correct,1693,Correct,2362,Correct,2739,Correct,2315,Correct,5598,Wrong,1980,Wrong,3996,Wrong,3297,Wrong,1806,Wrong,2790,Wrong,1942,Wrong,2116,Wrong,2635,Wrong,3171,Wrong,3177,Wrong,2004,Wrong,7169,Wrong,1654,Wrong,1857,Wrong,1850
d831c6240cdb3c8854e313bc0a9f57ca,37,M,Tertiary,R,Wrong,2469,Wrong,10346,Wrong,3458,Wrong,1868,Wrong,1894,Wrong,4033,Wrong,1570,Wrong,2847,Wrong,2841,Neither,4422,Correct,3568,Correct,3746,Correct,3363,Correct,6562,Correct,6380,Wrong,2086,Wrong,3973,Wrong,2422,Wrong,2956,Wrong,3755,Wrong,2951,Wrong,3200,Wrong,3049,Wrong,2918,Wrong,1969,Wrong,2760,Wrong,5171,Wrong,2647,Wrong,4287,Wrong,4166
313ac7af35b86e9e1ae8b51b2fff662a,52,M,Tertiary,L,Correct,1622,Correct,2332,Correct,4728,Correct,2530,Correct,5093,Correct,2557,Correct,3111,Correct,2317,Correct,5907,Correct,2197,Correct,2850,Correct,2447,Correct,5718,Correct,2043,Correct,4200,Correct,7099,Wrong,9309,Wrong,4113,Wrong,4272,Wrong,4559,Wrong,3325,Wrong,5891,Wrong,3587,Wrong,4643,Wrong,4602,Wrong,3667,Wrong,17513,Wrong,5369,Wrong,6226,Wrong,3560
21dcbac9ca1fddf5416133e319168fbc,54,F,Tertiary,R,Correct,6895,Correct,5050,Correct,4271,Correct,5266,Correct,4525,Correct,3242,Correct,3759,Correct,3961,Correct,8904,Neither,3728,Correct,3632,Wrong,3546,Wrong,4720,Wrong,2890,Wrong,4900,Wrong,2361,Wrong,4299,Wrong,6794,Wrong,4258,Wrong,3938,Wrong,2516,Wrong,3142,Wrong,2901,Wrong,3728,Wrong,3776,Wrong,3546,Wrong,6959,Wrong,2538,Wrong,9939,Correct,12113
215534f5593230b3d84e97e8f6c95e08,40,F,Tertiary,R,Wrong,31361,Wrong,2544,Wrong,9533,Wrong,3345,Wrong,1926,Wrong,1238,Wrong,2778,Wrong,2195,Wrong,2185,Wrong,6222,Correct,12882,Wrong,3147,Correct,6835,Correct,2956,Neither,18486,Correct,4845,Wrong,6355,Wrong,2212,Wrong,2713,Wrong,3252,Wrong,4253,Neither,5309,Correct,6925,Wrong,4253,Wrong,1881,Wrong,4015,Wrong,1920,Wrong,2161,Wrong,7514,Wrong,2544
61538e2098858ff9e381a2138e3582a9,23,F,Tertiary,R,Wrong,1028,Correct,1770,Wrong,2182,Correct,4241,Correct,3529,Wrong,4990,Wrong,925,Correct,1767,Correct,2572,Wrong,1490,Correct,3108,Correct,3486,Correct,7864,Correct,1573,Correct,5192,Wrong,2938,Wrong,4169,Wrong,3011,Wrong,5992,Wrong,6429,Wrong,3710,Wrong,2749,Wrong,2217,Wrong,8931,Wrong,3267,Wrong,2219,Wrong,3771,Correct,4880,Wrong,1805,Wrong,2550
fb933314010557319e68a2bd3b537d45,45,F,Tertiary,R,Correct,3149,Correct,5007,Correct,1856,Correct,8208,Correct,12037,Correct,5381,Correct,4293,Correct,1952,Correct,3668,Correct,2928,Correct,3702,Correct,4770,Correct,2857,Correct,4223,Correct,5138,Wrong,2747,Wrong,6071,Wrong,3065,Wrong,3094,Wrong,7097,Wrong,3264,Wrong,4390,Correct,3230,Wrong,10358,Wrong,9122,Wrong,5360,Wrong,4271,Wrong,2012,Wrong,3942,Wrong,2350
0de79b755040a4700c5aaae7619ffb13,18,M,Tertiary,R,Correct,2726,Neither,1735,Correct,1830,Correct,1899,Correct,2001,Correct,3250,Correct,4111,Correct,2718,Neither,2589,Wrong,8852,Neither,4465,Wrong,2860,Correct,2267,Correct,2389,Correct,3966,Neither,2891,Neither,9343,Correct,2319,Wrong,3267,Wrong,2210,Wrong,4048,Wrong,2703,Correct,3479,Wrong,2878,Wrong,3528,Wrong,2433,Wrong,3474,Wrong,5406,Wrong,5907,Correct,4314
f0937fd82c1ce654f73291a484e74fc0,26,F,Tertiary,R,Correct,4844,Correct,1727,Correct,1725,Correct,3253,Correct,5833,Correct,1998,Correct,2449,Neither,4190,Neither,4600,Neither,3701,Correct,2197,Correct,3521,Neither,3521,Correct,1949,Neither,4186,Wrong,2222,Wrong,2525,Wrong,3063,Wrong,2710,Wrong,3522,Wrong,3076,Wrong,2211,Wrong,3820,Wrong,4577,Neither,5968,Wrong,3461,Wrong,2189,Wrong,2072,Wrong,2418,Wrong,3511
00e0b159cf5b9abcc73b92506d8b1c38,35,M,Tertiary,R,Wrong,4201,Correct,3306,Wrong,2411,Wrong,4516,Correct,3969,Wrong,9029,Wrong,3877,Wrong,6135,Correct,2096,Wrong,5204,Correct,4035,Correct,2468,Correct,2544,Correct,3245,Correct,5908,Correct,3426,Wrong,4950,Wrong,4496,Wrong,2643,Correct,5478,Wrong,2849,Wrong,3941,Wrong,2536,Wrong,3486,Wrong,2487,Wrong,4640,Wrong,6485,Wrong,4855,Wrong,3302,Wrong,6726
1f8e7e7f8fa53b74dcdcad263b0fb6f9,58,F,Tertiary,R,Correct,3182,Wrong,3370,Wrong,2778,Wrong,11989,Wrong,7582,Correct,2602,Wrong,7689,Wrong,2735,Wrong,4235,Correct,5393,Correct,2979,Correct,3977,Correct,3796,Correct,4061,Correct,5591,Wrong,3119,Wrong,1956,Wrong,3483,Correct,4280,Wrong,2554,Wrong,4909,Wrong,3546,Wrong,2580,Wrong,7309,Wrong,8555,Wrong,3119,Wrong,4317,Wrong,3885,Wrong,7844,Wrong,2680
698a8ae55cfa995e05769510ce871993,45,F,Tertiary,R,Correct,1887,Correct,3630,Correct,4062,Correct,2746,Correct,3329,Correct,2206,Correct,2892,Correct,4283,Neither,6908,Neither,3694,Correct,4002,Correct,2875,Correct,2048,Correct,2017,Correct,3408,Correct,5373,Wrong,5680,Wrong,3707,Wrong,3932,Wrong,5191,Wrong,3572,Wrong,3784,Wrong,6478,Neither,6982,Wrong,10513,Wrong,5359,Wrong,5925,Wrong,4601,Correct,4079,Wrong,4795
65c028eb2e80955ede8cfaeded0da192,46,F,Secondary,R,Wrong,1772,Wrong,3629,Correct,2627,Wrong,8707,Correct,3675,Wrong,3985,Correct,2604,Wrong,4378,Correct,2993,Correct,2969,Correct,3590,Correct,2059,Correct,7618,Correct,2681,Correct,2713,Wrong,7320,Wrong,10794,Wrong,6634,Wrong,5817,Wrong,3046,Wrong,2575,Correct,4940,Wrong,3060,Wrong,5633,Wrong,2880,Wrong,2831,Wrong,6132,Wrong,2832,Wrong,2555,Wrong,2913
d33e3d929fe72fef61e3cac6a316489b,55,F,Tertiary,R,Wrong,10675,Wrong,2333,Wrong,4106,Wrong,3047,Wrong,6077,Wrong,3571,Wrong,3069,Wrong,2892,Wrong,2303,Wrong,2010,Correct,3474,Correct,2585,Correct,5139,Correct,5351,Correct,4677,Wrong,4458,Wrong,2817,Wrong,1760,Wrong,3070,Wrong,3098,Wrong,1960,Wrong,3263,Wrong,5500,Wrong,3827,Wrong,5993,Wrong,2425,Wrong,3905,Wrong,1718,Wrong,5041,Wrong,4134
ee1ea626de3aff014ca75e0f6d53b231,50,F,Tertiary,R,Correct,1571,Correct,2548,Correct,2298,Neither,4599,Correct,1918,Correct,2773,Correct,2142,Correct,3567,Neither,5220,Correct,2435,Correct,2740,Correct,4734,Correct,2845,Correct,1773,Neither,3302,Correct,2022,Wrong,3183,Wrong,2734,Correct,1949,Wrong,3334,Correct,2894,Wrong,2660,Correct,4828,Wrong,3469,Wrong,2603,Wrong,2589,Wrong,3708,Wrong,4980,Wrong,2733,Wrong,3981
fc54f09ebc3baf48070d4323a4a440be,27,M,Tertiary,R,Neither,6107,Wrong,4748,Wrong,2207,Wrong,2518,Wrong,7361,Wrong,2669,Wrong,4042,Wrong,5430,Wrong,1953,Wrong,7595,Correct,4906,Correct,7831,Correct,4274,Correct,2916,Neither,6555,Wrong,3307,Wrong,2465,Wrong,5494,Wrong,2985,Wrong,4331,Wrong,2455,Wrong,3374,Correct,4717,Wrong,6303,Wrong,7532,Wrong,4692,Wrong,3891,Wrong,4217,Wrong,7443,Wrong,4745
89e7f472c986b5b7804544af21277a70,22,M,Tertiary,R,Correct,2568,Wrong,9055,Wrong,2391,Wrong,3335,Correct,1948,Correct,2371,Wrong,4480,Wrong,7624,Correct,7200,Wrong,2665,Correct,3406,Correct,5411,Correct,2249,Correct,2122,Correct,2795,Wrong,8413,Wrong,3376,Wrong,8408,Correct,2568,Correct,3380,Wrong,4032,Wrong,6173,Wrong,9309,Wrong,5154,Wrong,3687,Wrong,6223,Neither,13377,Wrong,4410,Wrong,4759,Wrong,9444
054635a48143f6d4dd711cbb00b9f6fd,41,M,Tertiary,R,Wrong,6043,Wrong,10770,Wrong,8829,Wrong,4953,Wrong,9174,Wrong,4085,Correct,2880,Wrong,3784,Wrong,3539,Correct,2738,Correct,3248,Correct,2775,Correct,7814,Correct,5246,Wrong,4700,Wrong,10807,Wrong,2314,Wrong,3890,Wrong,5810,Wrong,2094,Wrong,2315,Wrong,8206,Wrong,3107,Wrong,6458,Wrong,4188,Wrong,8377,Wrong,2274,Wrong,2253,Wrong,6045,Wrong,2832
343c164dc899b37975164cf52836aaf3,60,M,Tertiary,R,Correct,2426,Wrong,2965,Wrong,3080,Wrong,5806,Correct,7518,Correct,3678,Wrong,6925,Correct,3102,Wrong,3511,Correct,2192,Correct,5249,Correct,3704,Correct,3825,Neither,10660,Correct,8192,Correct,6966,Wrong,21668,Wrong,8028,Correct,4248,Correct,2494,Correct,4319,Correct,5512,Wrong,6358,Wrong,11035,Wrong,3788,Wrong,4760,Wrong,8270,Wrong,3059,Wrong,4825,Wrong,4475
a6d2b8a10508c359b088d2e007995e4a,24,F,Tertiary,R,Wrong,5913,Wrong,5248,Wrong,4785,Wrong,7212,Wrong,5087,Wrong,4540,Wrong,4666,Wrong,4922,Wrong,4995,Wrong,9136,Correct,6280,Correct,4829,Correct,3305,Correct,4926,Correct,4267,Wrong,3272,Wrong,11913,Wrong,5434,Wrong,5285,Wrong,4556,Wrong,4500,Wrong,3568,Wrong,6651,Wrong,8582,Wrong,13337,Wrong,5945,Wrong,7055,Wrong,5252,Wrong,6165,Wrong,6038
2b32edc168af0561adaba5ad874fe72f,45,F,Tertiary,R,Wrong,2304,Wrong,3203,Wrong,4033,Wrong,2169,Wrong,2832,Wrong,4331,Wrong,1889,Wrong,1880,Wrong,3565,Wrong,2703,Correct,2337,Correct,4846,Correct,2813,Correct,3939,Wrong,2525,Wrong,6048,Wrong,3822,Wrong,2889,Wrong,3870,Correct,4442,Wrong,2376,Wrong,3291,Wrong,3532,Wrong,3263,Wrong,5411,Wrong,2046,Wrong,4027,Wrong,2229,Wrong,2852,Wrong,3689
65269008944671fff62aefe10dc2b501,21,M,Tertiary,R,Wrong,5995,Wrong,2822,Wrong,2052,Wrong,1817,Wrong,3892,Wrong,2530,Wrong,1795,Wrong,1682,Wrong,1452,Wrong,1321,Correct,1662,Correct,1687,Correct,2268,Correct,2474,Correct,3698,Correct,2061,Wrong,2582,Wrong,3696,Wrong,2522,Wrong,4363,Correct,4154,Wrong,2259,Correct,3136,Wrong,2998,Wrong,2178,Wrong,1750,Wrong,2306,Wrong,2042,Wrong,4546,Wrong,3145
ce251e843b9616ee6d11d1574a961e4c,30,M,Secondary,R,Wrong,3507,Wrong,2903,Wrong,2345,Correct,6297,Wrong,4592,Wrong,11923,Wrong,3981,Wrong,2964,Wrong,3559,Wrong,2817,Correct,8050,Correct,6203,Correct,3661,Wrong,9271,Correct,5224,Wrong,5480,Wrong,3150,Wrong,7657,Wrong,3348,Wrong,5333,Wrong,12050,Wrong,6122,Wrong,6810,Wrong,18871,Wrong,9123,Wrong,5317,Wrong,13809,Wrong,5979,Wrong,10079,Wrong,4769
c932c8533913fa29eb08b0cca03e8d2d,34,M,Tertiary,R,Correct,2700,Correct,3340,Correct,1789,Correct,6572,Correct,2356,Correct,2004,Correct,3500,Correct,4956,Correct,2254,Correct,3780,Correct,3045,Correct,4444,Correct,3172,Correct,2268,Correct,2477,Wrong,2947,Wrong,9763,Wrong,3276,Correct,2212,Wrong,4364,Wrong,5028,Wrong,5541,Wrong,3788,Wrong,5900,Correct,6900,Wrong,8651,Correct,6523,Wrong,4892,Correct,9612,Wrong,8661
9db83f76362a21c9afde940c066cef44,42,F,Tertiary,R,Correct,1316,Correct,2642,Correct,4299,Correct,3853,Correct,7353,Correct,6315,Correct,2404,Correct,1779,Wrong,7477,Correct,3131,Correct,2394,Correct,7618,Correct,2716,Correct,2740,Correct,2710,Wrong,2915,Wrong,7049,Wrong,3754,Wrong,3475,Wrong,15190,Wrong,3601,Wrong,3579,Wrong,7253,Wrong,5261,Wrong,4206,Wrong,3406,Wrong,7722,Wrong,5586,Wrong,2189,Wrong,5797
44c9f2870e9977bc4b95bf7796479db7,30,F,Tertiary,R,Correct,1803,Correct,2610,Correct,2705,Correct,3674,Correct,1563,Correct,2866,Correct,1475,Correct,1463,Correct,2486,Correct,2524,Wrong,2521,Correct,2545,Correct,2773,Correct,2241,Correct,2230,Wrong,1848,Wrong,2386,Wrong,3363,Correct,4902,Correct,2071,Correct,3711,Wrong,2694,Correct,2671,Correct,4909,Wrong,2772,Wrong,2685,Neither,4278,Wrong,2031,Wrong,2839,Wrong,4963
6d4175156dbd671735742b3fc10bd336,23,F,Tertiary,R,Correct,1887,Correct,1867,Correct,1900,Correct,3479,Correct,2694,Correct,6607,Correct,6313,Correct,4382,Correct,4001,Correct,2278,Correct,2087,Correct,2397,Correct,1512,Correct,2561,Correct,3077,Correct,4074,Neither,7029,Correct,3652,Wrong,5274,Correct,3006,Wrong,3666,Correct,11221,Correct,2540,Neither,2881,Correct,2601,Neither,3330,Correct,9343,Wrong,11236,Wrong,7061,Correct,5614
daab98b0d0e070f3ff47c67baaad8ebe,52,M,Tertiary,L,Correct,3677,Correct,2029,Correct,3822,Correct,3543,Correct,2532,Correct,1868,Correct,1949,Correct,1600,Correct,4625,Correct,1831,Correct,1753,Correct,4858,Correct,1867,Correct,4039,Correct,3671,Wrong,2256,Wrong,2386,Wrong,2981,Wrong,3203,Wrong,2104,Neither,9087,Wrong,3882,Wrong,4614,Wrong,3409,Wrong,2434,Wrong,1835,Wrong,3738,Wrong,2081,Wrong,1535,Wrong,4058
1c37be9a57b31f22d445539a8052adf1,45,M,Secondary,R,Correct,3206,Correct,2948,Correct,1894,Correct,4758,Correct,5661,Correct,3207,Correct,3326,Correct,2222,Correct,3133,Correct,7148,Correct,3501,Correct,5198,Correct,2158,Correct,2563,Correct,4060,Correct,4071,Neither,6638,Wrong,5357,Wrong,10742,Correct,3860,Wrong,4222,Wrong,3701,Correct,3491,Wrong,2635,Wrong,3061,Wrong,3644,Wrong,4069,Wrong,5366,Wrong,3966,Wrong,3957
13c2695b718d431669e2dd09e03082eb,30,F,Tertiary,R,Correct,3027,Wrong,1630,Wrong,2282,Wrong,3390,Wrong,2327,Wrong,4494,Wrong,4647,Wrong,2266,Wrong,2405,Wrong,2107,Correct,4769,Correct,4158,Correct,3031,Correct,2217,Correct,3716,Wrong,5919,Wrong,5026,Wrong,4660,Correct,3069,Correct,7902,Correct,3210,Wrong,5262,Correct,4392,Wrong,5053,Wrong,4401,Neither,5529,Wrong,5771,Wrong,2598,Wrong,3433,Wrong,2762
778ec13771914a8ba80202bb3bd63780,49,F,Tertiary,L,Wrong,2049,Correct,4224,Correct,7350,Wrong,1693,Correct,2887,Wrong,1248,Correct,8055,Wrong,1791,Correct,3530,Correct,1527,Correct,7081,Correct,3173,Correct,2858,Correct,1890,Correct,4883,Wrong,7251,Wrong,5404,Wrong,3400,Correct,7036,Wrong,3927,Wrong,6633,Wrong,3704,Correct,5253,Wrong,4159,Wrong,5932,Wrong,6211,Wrong,4994,Wrong,5179,Wrong,6175,Wrong,8629
086805c265966ff2a53482f3b6c1328c,27,M,Tertiary,R,Correct,5925,Correct,3904,Wrong,8592,Wrong,10267,Correct,1832,Correct,3216,Wrong,15066,Wrong,28891,Correct,3667,Correct,3938,Correct,3919,Correct,3943,Correct,5668,Wrong,3647,Correct,10575,Correct,2418,Wrong,4395,Wrong,2542,Wrong,5904,Wrong,5088,Wrong,5387,Wrong,3130,Correct,3602,Wrong,5799,Wrong,6116,Wrong,3552,Wrong,11418,Wrong,5254,Wrong,2810,Wrong,11660
0a14b7b4f101746c9cd29fbaa746ba5e,41,M,Tertiary,R,Wrong,10643,Wrong,2440,Wrong,2135,Wrong,3496,Wrong,1601,Wrong,1744,Wrong,6966,Wrong,2638,Wrong,1739,Wrong,3281,Correct,2393,Correct,3324,Correct,4613,Correct,2357,Correct,7628,Wrong,5224,Wrong,6500,Wrong,9467,Wrong,5029,Wrong,4921,Wrong,2939,Wrong,3586,Wrong,3301,Wrong,6680,Wrong,9056,Wrong,11074,Wrong,8559,Wrong,6030,Wrong,13749,Wrong,5480
cc00c17737476fba7e9282e4c7cee368,35,M,Secondary,R,Wrong,4738,Correct,2146,Correct,2582,Wrong,1744,Wrong,1495,Wrong,4463,Wrong,4126,Wrong,5909,Wrong,1208,Wrong,3878,Correct,2524,Correct,1477,Correct,1493,Correct,2547,Correct,2313,Wrong,2010,Wrong,3713,Wrong,4302,Wrong,1909,Wrong,2931,Wrong,4596,Wrong,1716,Wrong,4686,Wrong,3283,Wrong,2040,Wrong,2698,Wrong,3068,Wrong,1858,Wrong,2468,Wrong,4165
8a0c5d59c27542fb82f239161a0e53d8,30,M,Tertiary,R,Correct,3052,Correct,4315,Correct,7089,Wrong,6886,Correct,5191,Correct,5437,Correct,15074,Correct,8493,Correct,3115,Correct,3783,Correct,2579,Correct,6547,Correct,2194,Correct,2643,Correct,6717,Wrong,2414,Wrong,7231,Wrong,2270,Wrong,3064,Wrong,3135,Wrong,2178,Wrong,2651,Wrong,3170,Wrong,2937,Wrong,4379,Wrong,2437,Wrong,2856,Wrong,2779,Wrong,3546,Wrong,2620
62382998fef70b0e45f24054bdb9c1d3,31,M,Tertiary,L,Correct,7848,Neither,14818,Wrong,5895,Wrong,15440,Wrong,9281,Wrong,11441,Wrong,9948,Wrong,6192,Wrong,16532,Wrong,5249,Correct,6019,Correct,10476,Correct,6511,Correct,6826,Wrong,43921,Wrong,3773,Wrong,25696,Wrong,6715,Wrong,5894,Wrong,7016,Wrong,4435,Wrong,4555,Wrong,5059,Wrong,9799,Wrong,16642,Wrong,4819,Wrong,15150,Wrong,5170,Wrong,13509,Wrong,10936
c54458b6118e0f718d2d13d01eb71c5b,40,M,Tertiary,R,Neither,4338,Wrong,2466,Wrong,1494,Wrong,3467,Wrong,2759,Wrong,1673,Wrong,6646,Wrong,1725,Wrong,8407,Wrong,2277,Correct,2373,Correct,4729,Neither,5313,Correct,4886,Correct,3931,Wrong,1893,Wrong,6279,Wrong,7243,Correct,3290,Correct,2515,Wrong,2116,Wrong,3100,Correct,6459,Wrong,8084,Wrong,6326,Wrong,2713,Wrong,2551,Wrong,2197,Wrong,6444,Wrong,4715
7eae463fc67db3b156f561592b170f4c,40,F,Tertiary,L,Correct,1817,Correct,2360,Wrong,2888,Wrong,3232,Correct,1919,Correct,1864,Wrong,4911,Correct,1648,Correct,2507,Correct,3470,Correct,2586,Correct,2394,Correct,1494,Correct,3557,Correct,2164,Wrong,1618,Wrong,3052,Correct,3683,Wrong,2987,Correct,2109,Wrong,1964,Wrong,2331,Correct,1712,Wrong,1889,Correct,4633,Wrong,3375,Correct,2700,Wrong,2819,Wrong,2104,Correct,1675
31e6496931b3c5161057a3820a8435f1,23,F,Tertiary,R,Wrong,9552,Wrong,6214,Wrong,2435,Wrong,5044,Wrong,3532,Wrong,8251,Wrong,5131,Wrong,3663,Wrong,2149,Wrong,5770,Correct,4050,Correct,3546,Correct,4602,Correct,2335,Correct,7841,Wrong,9038,Wrong,2620,Wrong,4504,Correct,5405,Wrong,4300,Wrong,2474,Wrong,3884,Wrong,6213,Wrong,4664,Wrong,3480,Neither,11597,Wrong,14219,Wrong,8595,Wrong,4021,Neither,10633
8410b44996904d016f3bb66cedeb30fc,34,M,Tertiary,R,Wrong,5243,Wrong,5043,Neither,8472,Wrong,4292,Correct,4756,Neither,9980,Wrong,6275,Wrong,6577,Wrong,4896,Correct,4012,Correct,4990,Correct,3059,Correct,5590,Correct,2268,Correct,2538,Wrong,7995,Wrong,10086,Wrong,8196,Wrong,13128,Wrong,11906,Wrong,6006,Wrong,7502,Wrong,9510,Wrong,20537,Correct,6985,Wrong,5815,Wrong,5333,Neither,12842,Wrong,13038,Wrong,10123
5fb96de0d2430897ddc6039471539ac3,24,F,Tertiary,R,Correct,1697,Wrong,3712,Wrong,2516,Wrong,2004,Wrong,8647,Wrong,1399,Wrong,3300,Wrong,1226,Wrong,2341,Wrong,2228,Correct,2292,Correct,2236,Correct,1623,Correct,1969,Neither,4545,Wrong,1434,Wrong,1655,Wrong,3601,Wrong,2217,Wrong,3571,Wrong,1556,Wrong,1548,Wrong,1950,Wrong,2032,Wrong,1751,Wrong,2133,Wrong,1315,Wrong,1678,Wrong,1593,Wrong,1520
0912f84f2fb81492f8e7a4c5c02d33a9,40,F,Tertiary,R,Correct,1689,Correct,1284,Correct,1879,Correct,1666,Correct,2032,Correct,1218,Correct,2109,Correct,2762,Correct,1323,Correct,1136,Correct,1833,Correct,1960,Correct,3355,Correct,1840,Correct,1867,Correct,3131,Correct,2251,Wrong,3580,Wrong,3767,Wrong,3150,Wrong,3012,Wrong,4230,Correct,6573,Wrong,3813,Wrong,2920,Wrong,3090,Wrong,2967,Neither,10472,Wrong,6869,Wrong,4303
2b0cd3e4307d49c1287ac7b131951a5c,49,M,Tertiary,R,Correct,5849,Correct,5044,Neither,10027,Wrong,12851,Correct,5606,Correct,4294,Correct,3822,Correct,4942,Wrong,2686,Correct,5425,Correct,4132,Correct,4583,Correct,4054,Correct,5247,Wrong,9346,Wrong,3081,Wrong,4427,Wrong,3709,Correct,3669,Wrong,4296,Wrong,2357,Wrong,3053,Wrong,5335,Wrong,7309,Wrong,5758,Wrong,3720,Wrong,4476,Wrong,6431,Wrong,4515,Wrong,8218
224978a11aee4355d6d515c16801a4e8,39,F,Tertiary,R,Wrong,1880,Wrong,2735,Wrong,4624,Wrong,2591,Wrong,11158,Wrong,3110,Wrong,5871,Wrong,2509,Wrong,2062,Wrong,19495,Correct,8385,Correct,7280,Correct,3590,Correct,6352,Correct,4887,Wrong,3559,Wrong,6079,Wrong,9816,Wrong,7384,Wrong,10023,Wrong,5487,Wrong,5552,Wrong,4184,Wrong,5694,Wrong,15191,Wrong,8110,Wrong,7382,Wrong,6295,Wrong,6230,Wrong,10855
eed6d07048524b9475325353e50ddcff,28,M,Tertiary,R,Wrong,9779,Wrong,2325,Neither,4288,Neither,3153,Correct,1873,Correct,4078,Correct,3033,Wrong,3142,Correct,2602,Correct,1993,Correct,2381,Correct,2307,Correct,4079,Correct,2271,Correct,3744,Correct,2469,Wrong,4150,Neither,2655,Wrong,4325,Correct,6205,Wrong,4481,Correct,3291,Correct,3340,Neither,7311,Wrong,7277,Wrong,4604,Wrong,6494,Neither,2771,Wrong,5083,Wrong,6625
6e948cf917cff18ae5b971d3f9ac4cf6,43,M,Tertiary,R,Correct,1210,Correct,1706,Correct,1633,Correct,2817,Correct,1690,Correct,1634,Correct,1315,Correct,1849,Correct,1739,Correct,1348,Correct,1526,Correct,1685,Correct,3180,Correct,1624,Correct,2359,Correct,1926,Correct,2107,Correct,2654,Correct,2261,Correct,1875,Correct,2203,Correct,3795,Correct,2520,Correct,5420,Correct,3880,Correct,1390,Correct,1999,Correct,2847,Correct,1760,Correct,4538
5b9751f07ef54fd616fd793da7a5da77,25,F,Tertiary,R,Correct,1932,Correct,1949,Correct,1922,Correct,2204,Correct,2987,Correct,1747,Correct,2873,Correct,2267,Neither,7645,Correct,4644,Correct,1404,Correct,3664,Correct,2173,Correct,1852,Correct,3005,Wrong,3180,Wrong,4976,Wrong,3160,Wrong,4429,Wrong,4775,Wrong,2567,Wrong,3094,Wrong,2378,Wrong,2266,Wrong,5249,Wrong,2952,Wrong,3716,Wrong,2294,Wrong,5905,Wrong,5727
18fbef9c880adb9c7416b849836e7e90,43,M,Tertiary,R,Correct,1804,Correct,2433,Correct,2533,Correct,2419,Correct,4726,Correct,1552,Correct,3146,Correct,2365,Correct,1715,Correct,2211,Correct,2027,Correct,2363,Correct,3495,Correct,2209,Correct,2861,Wrong,5675,Wrong,6450,Wrong,2884,Wrong,4995,Wrong,4582,Wrong,2052,Wrong,5771,Wrong,3115,Wrong,5458,Neither,5077,Wrong,5541,Wrong,5932,Wrong,2675,Wrong,2516,Neither,10300
c6d035171c484729a185697e4f5e75fb,45,F,Tertiary,R,Correct,4140,Correct,2191,Correct,2792,Correct,2532,Correct,2481,Correct,2349,Correct,2104,Correct,1712,Correct,4340,Correct,2410,Correct,3962,Wrong,2192,Correct,2711,Correct,2250,Correct,1575,Wrong,2414,Correct,5329,Correct,2478,Correct,3138,Correct,2846,Wrong,6282,Wrong,2973,Wrong,4471,Wrong,3571,Wrong,3462,Wrong,3305,Wrong,4606,Wrong,4372,Wrong,4926,Wrong,3536
ffb247049b32eea1ca01866adae318b6,42,F,Tertiary,R,Wrong,2503,Wrong,4552,Wrong,8122,Wrong,2089,Wrong,2225,Wrong,1987,Wrong,4484,Wrong,1722,Wrong,3848,Wrong,11031,Correct,5705,Correct,7563,Correct,4791,Correct,5197,Correct,3790,Wrong,2226,Wrong,6121,Wrong,4255,Wrong,5701,Wrong,3025,Wrong,2854,Correct,3917,Correct,9412,Wrong,1849,Wrong,1916,Wrong,2556,Wrong,2664,Wrong,9363,Wrong,2178,Wrong,4768
99b61bf0fb98148e9ebd279b61bf73c9,27,F,Tertiary,R,Correct,2378,Correct,4432,Correct,1756,Correct,2231,Correct,1839,Correct,1835,Correct,1496,Correct,1797,Correct,3034,Correct,1676,Correct,1858,Correct,2011,Correct,2582,Correct,2645,Correct,1931,Correct,2449,Correct,2477,Correct,3396,Correct,2199,Correct,3699,Wrong,6964,Correct,2338,Correct,4234,Neither,6245,Wrong,3645,Neither,3494,Neither,4404,Neither,8047,Neither,3191,Correct,2853
09b1c9e98227331746533f60cc9b2c2d,21,M,Tertiary,R,Correct,2439,Wrong,2474,Correct,3080,Wrong,4221,Correct,2085,Correct,1816,Correct,2043,Wrong,1491,Correct,2844,Neither,3258,Wrong,2193,Wrong,1642,Wrong,2844,Correct,3110,Correct,2222,Wrong,2314,Wrong,6893,Wrong,2991,Wrong,3770,Wrong,4648,Wrong,4004,Wrong,2428,Wrong,5896,Neither,5245,Correct,2068,Correct,6876,Wrong,5924,Wrong,6923,Wrong,11408,Wrong,5235
781d7eaae1436c2170b31fd4dec3a827,25,F,Tertiary,R,Neither,6966,Neither,5721,Neither,1772,Neither,2285,Neither,5245,Neither,4814,Neither,5946,Neither,3299,Neither,3043,Neither,5742,Correct,3547,Correct,2531,Correct,1657,Correct,2076,Neither,5633,Wrong,2480,Wrong,1883,Wrong,3918,Wrong,2402,Wrong,1914,Wrong,3674,Wrong,4640,Wrong,3475,Wrong,5075,Wrong,3526,Wrong,4853,Wrong,4762,Wrong,5002,Wrong,3467,Wrong,2192
18ce3be087c2b5a74c73bbbff03898a5,33,F,Tertiary,R,Correct,4275,Correct,13598,Correct,10440,Wrong,8581,Wrong,7515,Wrong,14061,Wrong,6341,Wrong,8821,Wrong,7614,Wrong,4357,Correct,3916,Correct,2790,Correct,5185,Correct,3685,Wrong,12370,Wrong,5932,Wrong,11250,Wrong,7908,Correct,5105,Wrong,5423,Wrong,4827,Wrong,5822,Correct,11823,Wrong,9072,Neither,9837,Wrong,4439,Wrong,8940,Wrong,10270,Wrong,7286,Wrong,15586
428b71b8fc8713db5464599621da918b,33,F,Tertiary,R,Neither,4209,Correct,4115,Wrong,3611,Neither,6965,Wrong,5356,Neither,4044,Wrong,6667,Wrong,4552,Wrong,2765,Correct,3130,Correct,3896,Wrong,4931,Correct,3419,Correct,3053,Correct,4716,Wrong,2916,Wrong,3139,Wrong,3118,Neither,7112,Wrong,5745,Correct,5342,Wrong,4679,Correct,4558,Wrong,2716,Wrong,3822,Wrong,2584,Wrong,3852,Wrong,2659,Wrong,3155,Wrong,3389
50d7632b161e8faf61918c8f65ebceb5,27,F,Tertiary,R,Correct,1893,Neither,1733,Neither,5796,Neither,4581,Correct,3005,Neither,3581,Correct,2325,Correct,4448,Neither,10788,Neither,3252,Correct,2036,Correct,2854,Correct,2132,Correct,6739,Correct,3254,Wrong,4219,Wrong,1757,Wrong,3092,Wrong,3365,Wrong,5917,Wrong,1970,Wrong,2029,Wrong,4485,Wrong,4972,Wrong,14370,Wrong,2621,Neither,11771,Wrong,3182,Wrong,4630,Neither,4605
5ea1e5d9aa9b949b314eb9e8df5116bd,30,M,Tertiary,L,Wrong,2905,Wrong,4647,Wrong,2886,Wrong,3989,Wrong,1653,Wrong,1588,Wrong,2279,Wrong,2839,Wrong,17099,Wrong,4062,Correct,2656,Correct,2772,Correct,7008,Correct,3491,Correct,5430,Wrong,3251,Correct,4649,Wrong,3605,Wrong,7893,Correct,6581,Wrong,3189,Wrong,5258,Wrong,4425,Wrong,4960,Wrong,17615,Wrong,10975,Wrong,2719,Wrong,4671,Wrong,7963,Wrong,16931
f4d9970c4a9535e5b6f903649c2592a7,30,F,Tertiary,L,Wrong,2954,Wrong,3268,Wrong,6443,Correct,7802,Wrong,5218,Wrong,11042,Wrong,2547,Wrong,2633,Wrong,1761,Wrong,8155,Correct,2005,Correct,3071,Correct,2417,Correct,1933,Correct,2269,Wrong,3271,Wrong,14368,Wrong,3451,Wrong,3564,Wrong,3197,Wrong,2968,Wrong,4456,Wrong,3169,Correct,6045,Correct,7012,Correct,11739,Wrong,18245,Correct,7013,Wrong,5236,Wrong,4059
6b8caa52c6c51c8e805b9ba26fe7e603,61,F,Tertiary,R,Correct,2338,Wrong,2384,Wrong,2623,Wrong,1816,Wrong,3363,Wrong,3260,Wrong,2048,Wrong,3140,Wrong,1900,Correct,2482,Correct,3047,Correct,2558,Correct,2092,Correct,2943,Correct,2846,Wrong,3240,Wrong,3574,Wrong,3807,Wrong,4620,Correct,2647,Wrong,3286,Wrong,4440,Wrong,2959,Wrong,4240,Wrong,3036,Wrong,6397,Wrong,2239,Wrong,4807,Wrong,6288,Wrong,3395
9b139411cd357b785b81987ce2c26063,37,M,Tertiary,R,Correct,2728,Correct,1362,Correct,1878,Correct,2185,Correct,1642,Correct,1940,Correct,1470,Correct,1274,Correct,1356,Correct,2390,Correct,2247,Correct,1944,Correct,1809,Correct,3549,Correct,2638,Correct,1880,Wrong,4033,Wrong,3950,Wrong,3386,Wrong,3395,Correct,6056,Wrong,3146,Wrong,5443,Wrong,12798,Neither,4327,Wrong,3947,Neither,17183,Wrong,4562,Wrong,3725,Wrong,4035
bf37492932bd097cf6f24f42c3bdc3f4,21,M,Tertiary,R,Wrong,2949,Wrong,3027,Wrong,16981,Wrong,1973,Wrong,3752,Wrong,2081,Wrong,3147,Wrong,2885,Wrong,5044,Wrong,3346,Correct,3038,Correct,3149,Correct,2539,Correct,6832,Correct,3967,Correct,2835,Wrong,4801,Wrong,6610,Correct,6580,Wrong,17617,Wrong,4593,Correct,4396,Correct,8562,Wrong,7804,Neither,14338,Wrong,3587,Wrong,7019,Wrong,6120,Wrong,2990,Wrong,4956
8c8d0e30c553e841021f3cba2651483b,24,M,Tertiary,R,Correct,1595,Neither,1744,Neither,3306,Neither,1816,Correct,4866,Correct,4414,Correct,3280,Neither,1450,Neither,2078,Correct,1388,Correct,1705,Correct,3813,Correct,1837,Correct,1531,Correct,2207,Wrong,10662,Wrong,3278,Wrong,2793,Wrong,2192,Wrong,2195,Wrong,2271,Wrong,1610,Wrong,4028,Wrong,3117,Wrong,3272,Wrong,9245,Wrong,5237,Wrong,3561,Wrong,3362,Wrong,3837
3d5ed9013b8939d31ffaf17e1fe0ea07,44,M,Tertiary,R,Correct,1676,Neither,7054,Wrong,2419,Correct,1921,Correct,1702,Correct,1336,Wrong,1604,Neither,2313,Correct,1381,Neither,2249,Wrong,4278,Correct,3657,Correct,2515,Correct,1738,Correct,1353,Wrong,8787,Correct,1903,Correct,1456,Wrong,1988,Wrong,4711,Wrong,1436,Wrong,3366,Neither,2456,Wrong,948,Wrong,1263,Wrong,1463,Wrong,1284,Wrong,1879,Wrong,1109,Wrong,1323
978b54925eb6c307129d8d8a8ebd59fc,33,M,Secondary,R,Wrong,5420,Wrong,2376,Wrong,2243,Wrong,1941,Wrong,2017,Wrong,1809,Wrong,3584,Wrong,2447,Wrong,3266,Wrong,2437,Correct,6546,Correct,3969,Correct,2274,Correct,2120,Correct,3381,Neither,8139,Correct,2285,Wrong,7521,Correct,5816,Neither,4704,Correct,3255,Wrong,5079,Neither,5640,Neither,7403,Neither,5996,Correct,2765,Wrong,5800,Wrong,6184,Wrong,8430,Neither,5511
e7a92d807d93eff93bb23ef180b907d9,51,M,Secondary,R,Correct,1970,Correct,1410,Correct,2351,Correct,2068,Correct,3935,Correct,1518,Correct,1696,Correct,1365,Correct,1791,Correct,1161,Correct,1602,Correct,2557,Correct,1886,Correct,2281,Correct,2271,Correct,4740,Wrong,2043,Wrong,4715,Correct,4512,Wrong,2476,Wrong,4114,Wrong,3357,Wrong,4075,Wrong,1972,Wrong,3467,Wrong,4742,Neither,6206,Neither,4327,Wrong,2387,Correct,2119
7192cf56ecb0cadfc32a2f1277ee7b52,45,M,Secondary,R,Correct,2228,Correct,2059,Correct,5155,Correct,1969,Correct,3017,Correct,3885,Correct,1934,Correct,4311,Correct,3393,Correct,2683,Correct,3185,Correct,2040,Correct,2440,Correct,5684,Correct,5073,Correct,2482,Wrong,9721,Wrong,5322,Correct,2693,Wrong,6911,Wrong,5434,Correct,7125,Correct,8552,Wrong,3769,Wrong,6787,Wrong,2791,Wrong,6339,Neither,5183,Neither,6743,Wrong,6899
150fa7317c3f89a03999b01962a2ad62,51,M,Secondary,R,Correct,2473,Correct,2250,Correct,2775,Correct,2625,Correct,1940,Correct,2417,Correct,2488,Correct,2120,Correct,2545,Correct,3974,Correct,2440,Correct,2324,Correct,2346,Correct,2355,Correct,2812,Wrong,3547,Wrong,6345,Wrong,3340,Wrong,3027,Correct,3338,Wrong,4767,Wrong,5033,Wrong,3327,Wrong,4861,Wrong,5035,Wrong,2970,Neither,10189,Wrong,3501,Wrong,5556,Wrong,7054
d034a2ab5502d8a1d4572f942483fe55,54,M,Tertiary,R,Wrong,2652,Wrong,4497,Correct,4470,Wrong,2564,Wrong,1182,Wrong,2240,Wrong,2013,Wrong,1295,Wrong,2682,Neither,5707,Correct,4171,Correct,2035,Correct,3585,Correct,4124,Correct,5329,Wrong,1984,Wrong,3079,Wrong,2367,Wrong,2443,Wrong,2733,Wrong,1786,Wrong,2535,Wrong,2458,Wrong,3649,Wrong,2246,Wrong,3420,Wrong,9388,Wrong,1747,Wrong,2049,Wrong,6305
ae98a8a66930c37f34deb354ea26e5d6,28,M,Secondary,L,Correct,1421,Correct,2311,Correct,1618,Correct,2967,Correct,2275,Correct,2010,Correct,1812,Correct,6245,Correct,2326,Correct,2378,Correct,2617,Correct,1871,Correct,2311,Correct,3077,Correct,2895,Correct,7038,Wrong,2965,Wrong,3599,Wrong,7414,Wrong,5086,Neither,3881,Wrong,4070,Wrong,2859,Wrong,3505,Wrong,2814,Wrong,35015,Wrong,29086,Neither,4797,Wrong,4193,Wrong,3497
686234d34c4854ce2c340573b04108b0,30,F,Tertiary,R,Correct,10479,Correct,4197,Correct,1571,Correct,7037,Correct,2701,Neither,10077,Correct,7005,Correct,4308,Correct,1904,Wrong,15505,Correct,7657,Correct,2365,Correct,2756,Neither,3075,Correct,3863,Wrong,6045,Wrong,4833,Neither,8761,Correct,2728,Correct,2703,Wrong,4856,Wrong,3959,Neither,7486,Neither,10687,Wrong,7723,Wrong,10676,Wrong,6043,Neither,9705,Wrong,6040,Neither,5038
b086c31df3e19e8f857ac987ba197e72,25,M,Tertiary,R,Correct,2753,Correct,2422,Correct,3877,Wrong,12352,Correct,2319,Correct,4710,Correct,3221,Correct,2144,Correct,1700,Correct,4518,Correct,2838,Correct,2486,Correct,3364,Correct,2880,Correct,3096,Wrong,8310,Wrong,8916,Wrong,11666,Wrong,6619,Wrong,4850,Wrong,4832,Wrong,5748,Wrong,5876,Wrong,11201,Correct,13651,Wrong,5548,Wrong,9637,Wrong,7346,Correct,21881,Correct,9923
4a547eb1ce4621cbe6992375bb69c431,39,M,Secondary,R,Correct,3809,Correct,1854,Correct,3496,Correct,2223,Correct,2312,Correct,2185,Correct,2779,Correct,2928,Correct,6015,Correct,3227,Correct,1915,Correct,2410,Correct,4734,Correct,4054,Correct,6528,Correct,3850,Wrong,4854,Wrong,6439,Correct,3551,Correct,3867,Wrong,2411,Wrong,4800,Wrong,4072,Wrong,2571,Wrong,3955,Wrong,2484,Wrong,9757,Wrong,2383,Wrong,4811,Wrong,3820
4aa10f8a925d2956e2d3b0ec6234a5b5,41,M,Tertiary,R,Correct,4024,Correct,1663,Correct,1407,Correct,2647,Correct,2087,Correct,2345,Correct,2662,Correct,2596,Correct,1672,Correct,2615,Correct,1437,Correct,1926,Correct,2262,Correct,2590,Correct,3365,Correct,3997,Wrong,1750,Wrong,5304,Wrong,4799,Wrong,2519,Wrong,4841,Wrong,5437,Correct,2693,Wrong,1566,Wrong,2591,Wrong,2663,Wrong,2549,Wrong,3560,Wrong,2262,Wrong,4217
037c50e80288a89b13f4c77e0b825789,29,F,Tertiary,L,Wrong,4434,Wrong,3418,Wrong,7711,Wrong,11664,Wrong,3677,Wrong,4819,Wrong,1670,Wrong,1701,Wrong,2139,Wrong,1507,Correct,3369,Correct,6415,Correct,3058,Correct,2623,Correct,6849,Wrong,5205,Wrong,13182,Wrong,5096,Wrong,4468,Correct,4023,Wrong,6482,Wrong,2839,Wrong,4979,Wrong,4775,Wrong,4453,Wrong,4356,Wrong,5822,Wrong,6116,Wrong,7545,Wrong,8840
9684b7255c97672eba31f1de3ba3d277,39,F,Tertiary,L,Wrong,5364,Wrong,3451,Wrong,1512,Wrong,1912,Wrong,1468,Wrong,2739,Wrong,1829,Wrong,2149,Wrong,2387,Wrong,2709,Correct,3328,Correct,3484,Correct,2331,Correct,5424,Correct,4876,Wrong,2825,Correct,7286,Wrong,3184,Wrong,3518,Wrong,3447,Wrong,2837,Wrong,3011,Wrong,3931,Wrong,3231,Wrong,8708,Wrong,2125,Wrong,9289,Wrong,3444,Wrong,4658,Wrong,6769
6309e34629ae795d7761159cab3983f5,52,F,Tertiary,R,Wrong,2444,Wrong,19725,Wrong,3921,Wrong,3166,Wrong,2887,Wrong,5589,Wrong,2727,Wrong,5018,Wrong,3105,Wrong,18335,Correct,5008,Correct,2656,Correct,3141,Correct,2905,Correct,6954,Wrong,3798,Wrong,9872,Wrong,4120,Wrong,5658,Wrong,9681,Wrong,5162,Wrong,12802,Wrong,5372,Wrong,6140,Wrong,3943,Wrong,3500,Wrong,4385,Wrong,2457,Wrong,7535,Wrong,5789
1e9dffc64f986815ad5f5dbcea3c4851,29,M,Tertiary,R,Wrong,11677,Correct,1698,Wrong,7178,Correct,6101,Wrong,8442,Correct,2963,Correct,4960,Correct,3975,Correct,3008,Wrong,9695,Correct,3747,Correct,2846,Correct,3048,Correct,1843,Correct,7733,Correct,2945,Correct,4121,Wrong,8653,Wrong,7725,Correct,6452,Wrong,3797,Wrong,3566,Correct,3794,Correct,3177,Wrong,4587,Wrong,4000,Wrong,7628,Wrong,3798,Wrong,3968,Wrong,6192
ed3bd78c8b1334b1b633fb2740bfcba3,22,F,Tertiary,R,Correct,6860,Correct,2900,Correct,3947,Neither,5773,Correct,6364,Correct,4025,Correct,4861,Correct,4171,Neither,4172,Correct,5276,Correct,2611,Correct,4772,Correct,2059,Correct,3820,Neither,7908,Wrong,10139,Wrong,8204,Correct,10261,Correct,4751,Neither,4955,Wrong,3588,Wrong,3972,Correct,10220,Correct,15561,Wrong,4284,Wrong,13534,Wrong,6339,Wrong,4653,Wrong,13756,Wrong,9699
20dfeabde0b51cc5050a21e9397bcc84,37,M,Secondary,L,Neither,5160,Neither,11106,Neither,4833,Neither,2489,Neither,5496,Neither,3503,Neither,5752,Neither,4088,Neither,4537,Neither,1897,Correct,5721,Correct,3673,Correct,2903,Correct,5385,Correct,5672,Wrong,2793,Wrong,10032,Wrong,5074,Wrong,10832,Neither,7242,Wrong,5673,Wrong,4105,Correct,9114,Wrong,2597,Wrong,9672,Wrong,6089,Wrong,5697,Wrong,8209,Wrong,5672,Wrong,3233
5f1762cb72fe05675a23b6cb21c98f,30,F,Tertiary,R,Wrong,7181,Neither,7060,Wrong,9697,Wrong,1515,Wrong,5323,Correct,3820,Correct,1277,Wrong,1728,Wrong,2081,Correct,1821,Correct,2281,Correct,3363,Correct,1846,Correct,2484,Wrong,9434,Wrong,1908,Wrong,3169,Wrong,2568,Wrong,3045,Wrong,3332,Wrong,2320,Wrong,2002,Correct,4266,Wrong,1195,Wrong,4241,Wrong,2157,Wrong,3083,Wrong,2803,Wrong,1203,Wrong,3684
2841da4f2ab0479f6a26ca031738191f,38,F,Tertiary,R,Wrong,1610,Wrong,3106,Neither,3375,Wrong,2499,Wrong,2315,Wrong,1933,Wrong,3631,Neither,6751,Wrong,4155,Wrong,2310,Correct,1923,Correct,3594,Correct,1731,Correct,2907,Correct,2104,Wrong,2868,Wrong,3651,Wrong,4169,Wrong,5312,Correct,3058,Wrong,3919,Wrong,3611,Correct,3594,Wrong,3601,Neither,5684,Wrong,4443,Wrong,4824,Wrong,2771,Wrong,4641,Wrong,3413
7e74ae761dffb338553fc5965089f3a5,49,F,Tertiary,R,Wrong,3620,Wrong,2213,Wrong,3779,Wrong,3539,Wrong,2601,Wrong,2271,Wrong,2360,Wrong,2088,Wrong,2443,Wrong,4392,Correct,2398,Correct,2695,Correct,2333,Correct,2209,Correct,5675,Wrong,5085,Wrong,7154,Wrong,3617,Wrong,6370,Wrong,5731,Wrong,3906,Wrong,3777,Wrong,7552,Wrong,2365,Wrong,5489,Wrong,3258,Wrong,4874,Wrong,11245,Wrong,3011,Wrong,7409
ff9c2ed9d5c7002f4126ed7c782679,25,F,Tertiary,R,Correct,4249,Correct,1720,Correct,2488,Neither,6924,Correct,3606,Correct,6305,Correct,3183,Correct,2942,Neither,3149,Wrong,6195,Correct,3284,Correct,2330,Correct,2211,Correct,2031,Correct,2275,Wrong,2890,Wrong,4741,Correct,6283,Correct,3444,Correct,3204,Wrong,3101,Wrong,4077,Correct,7073,Wrong,3036,Wrong,1983,Wrong,2572,Wrong,2957,Wrong,2767,Wrong,3069,Wrong,2532
4f4cdb531f601184bdd83d996335930c,54,F,Tertiary,R,Correct,2010,Correct,1813,Correct,3592,Correct,2523,Correct,2238,Wrong,5577,Correct,1343,Correct,2472,Correct,2384,Correct,2582,Correct,2562,Correct,1444,Correct,3156,Correct,2595,Correct,3770,Wrong,2156,Correct,2968,Correct,2579,Wrong,2781,Wrong,2881,Wrong,1982,Wrong,3291,Correct,2540,Wrong,1656,Correct,3368,Wrong,3029,Wrong,2165,Wrong,2696,Wrong,2656,Wrong,2827
f4cec731dd90239a88c405ecc06a1244,54,F,Tertiary,R,Correct,3983,Correct,1422,Correct,4308,Correct,2797,Correct,4147,Correct,3005,Correct,3802,Correct,3329,Correct,4882,Correct,3500,Correct,3282,Correct,3478,Correct,1626,Correct,2051,Correct,6066,Wrong,4954,Wrong,3377,Wrong,2345,Wrong,3673,Correct,2219,Wrong,2991,Wrong,2651,Wrong,2655,Wrong,4954,Wrong,4842,Wrong,4632,Wrong,2625,Wrong,11727,Wrong,3224,Wrong,3235
84193db903134a97dfbf18b8fc77b778,29,F,Tertiary,R,Wrong,2468,Wrong,5943,Wrong,2249,Wrong,2410,Wrong,4778,Wrong,2714,Wrong,7500,Wrong,3226,Wrong,1822,Wrong,2576,Correct,3610,Correct,6851,Correct,3699,Correct,2742,Neither,8292,Wrong,8262,Wrong,11501,Wrong,5154,Correct,8378,Neither,7292,Wrong,2591,Wrong,4305,Correct,3821,Wrong,7523,Wrong,4595,Wrong,14381,Wrong,4242,Wrong,7759,Wrong,2251,Neither,7642
b28ff05ff03707cd7cee83c6fd6e71ad,44,F,Tertiary,R,Correct,632,Correct,3057,Correct,812,Correct,858,Correct,916,Correct,1428,Correct,1494,Correct,1420,Correct,912,Correct,1028,Correct,1482,Correct,967,Correct,1243,Correct,850,Correct,842,Neither,4706,Correct,1421,Correct,4265,Correct,5542,Correct,983,Correct,2406,Correct,1592,Correct,2136,Correct,1214,Correct,3805,Correct,2265,Correct,2032,Correct,971,Correct,1214,Correct,1555
6fcde93291f05bf4c29f039e30555941,40,F,Tertiary,R,Neither,6463,Correct,2091,Correct,2884,Correct,1419,Correct,995,Correct,1914,Correct,2525,Correct,1539,Neither,4939,Correct,1657,Neither,4051,Correct,3571,Correct,1810,Neither,3239,Correct,1481,Correct,2106,Correct,1993,Correct,4534,Correct,2077,Wrong,2564,Correct,2444,Correct,1858,Correct,2700,Wrong,3725,Wrong,3925,Correct,3907,Wrong,2009,Correct,6804,Wrong,1779,Wrong,5363
82f6bce27dc2b352c82c0c07c39e3cbf,43,F,Tertiary,R,Correct,5246,Correct,2545,Correct,2265,Correct,25168,Correct,1414,Correct,4177,Correct,2369,Correct,527013,Correct,8462,Correct,1457,Correct,3663,Correct,88744,Correct,2411,Correct,2305,Correct,11455,Wrong,10653,Wrong,5364,Wrong,5278,Correct,2759,Correct,77430,Wrong,2407,Wrong,33790,Correct,5328,Wrong,8028,Wrong,18336,Wrong,4134,Wrong,14712,Neither,7836,Wrong,41944,Wrong,6162
02810ff2a65eae2b3e54ac57d90630,24,F,Tertiary,R,Correct,3864,Correct,3681,Correct,4900,Correct,4413,Correct,4802,Correct,3015,Correct,3190,Correct,4044,Correct,6276,Correct,1723,Correct,3928,Correct,2128,Correct,5865,Correct,2330,Correct,2844,Wrong,4792,Wrong,5730,Wrong,4997,Correct,3045,Wrong,4943,Wrong,3027,Wrong,4016,Wrong,7914,Wrong,4709,Wrong,7251,Wrong,12306,Wrong,3352,Wrong,4919,Wrong,4449,Wrong,3561
fcdb16f4c186d109d04339db74624564,40,F,Tertiary,R,Wrong,6655,Wrong,3566,Wrong,2124,Wrong,2387,Wrong,5909,Wrong,2967,Wrong,4015,Wrong,3196,Wrong,4630,Wrong,2615,Correct,3790,Correct,4489,Correct,5342,Correct,4300,Neither,9616,Wrong,3468,Wrong,4869,Wrong,2556,Wrong,3591,Wrong,3813,Wrong,4275,Wrong,4904,Wrong,3824,Wrong,6828,Wrong,3197,Wrong,2497,Neither,11488,Wrong,4705,Wrong,2186,Wrong,3022
612f7c17bf0bf7773bd141745eb7d425,48,F,Tertiary,R,Wrong,4317,Wrong,3664,Wrong,15334,Wrong,1645,Wrong,1465,Wrong,2132,Wrong,17517,Wrong,1492,Correct,11619,Wrong,1659,Correct,6391,Correct,3847,Correct,9202,Correct,5488,Correct,6419,Wrong,4019,Wrong,4784,Wrong,10137,Wrong,5804,Wrong,6798,Wrong,4689,Wrong,2806,Wrong,5705,Wrong,24701,Wrong,13082,Wrong,6997,Wrong,7538,Wrong,8712,Wrong,6617,Wrong,9758
0c5f9fa53880d6f58511b42b6d60430a,31,F,Tertiary,R,Correct,2570,Correct,2597,Correct,10344,Correct,2853,Correct,2643,Correct,3120,Correct,6019,Correct,4328,Correct,2262,Correct,4424,Correct,2271,Correct,3766,Correct,7962,Correct,2821,Correct,6506,Correct,14151,Neither,16972,Wrong,4944,Correct,9665,Wrong,5448,Wrong,6199,Wrong,5259,Correct,3089,Correct,6346,Wrong,14533,Wrong,6711,Correct,8202,Correct,13320,Wrong,4230,Correct,9958
4c36a305cd282b3a0345e1040c817b58,31,F,Tertiary,R,Correct,5452,Correct,3005,Correct,2920,Correct,3975,Correct,2571,Correct,5827,Correct,3060,Correct,2541,Correct,2744,Correct,3063,Correct,2713,Correct,3403,Correct,3356,Correct,2515,Correct,4737,Wrong,4589,Wrong,7541,Wrong,4624,Correct,5381,Wrong,5203,Wrong,3051,Correct,3753,Wrong,4782,Wrong,2535,Wrong,1637,Wrong,4834,Wrong,1693,Wrong,2589,Wrong,2094,Wrong,4572
