participant_id,trial_id,stimulus,response1,response2,response3,response4,response5,response6,response7,response8,response9,response10,response11,response12,response13,response14,response15,response16,response17,response18,response19,response20
1,2,BATTLE,war,fight,army,soldiers,countys,weapons,hurt,fighting,combat,casualty,hurt,wounds,scars,wrong,bombs,destruction,cry,weep,avenge,reasons
1,11,FOLD,crease,paper,newspaper,book,envelope,wrap,bed,blanket,clothes,sheet,pillowcase,rug,pastry,small,action,card,crafts,duvet,jeans,tip
1,16,HEROIN,drug,bad,illness,habit,white,needle,drugs,poorly,high,effects,wean,pills,powder,syringe,hospital,addiction,spots,unkempts,scruffy,bad
1,17,KIDNEY,beans,red,black,chili,cancer,blood,infection,water,drink,filter,machines,hurt,pain,infection,body,system,dialysis,transplant,illness,donate
1,20,MAGNIFY,glass,large,bigger,read,see,enlarge,huge,clear,see,help,glasses,contacts,books,small,huge,specimen,biology,labs,cells,minute
1,21,MONASTERY,monk,nuns,god,hills,old,building,prayers,service,habits,gong,church,religion,gardens,pray,bible,believe,castles,rooms,men,robes
1,29,RADIO,music,presenters,car,new,weather,show,bbc,songs,artists,car,personal,stereo,headphones,noise,loud,dance,hits,sing,morning,evening
1,32,SPANK,hit,slap,kinky,belt,hand,punch,blow,abuse,games,leather,whip,naughty,leather,bad,kinks,games,hurt,play,normal,hurt
1,36,STOMACH,ache,pain,pills,food,digestion,digestive,hungry,eating,cancer,belly,button,tummy,bloated,fat,rumble,punch,drink,wind,dinner,belt
1,37,TEXTILE,mills,material,wool,factory,garments,machine,material,clothes,sewing,workers,cotton,linen,wood,leather,bags,sheep,shoes,fabric,colors,knit
2,1,ALPHABET,letters,writing,words,reading,speech,communicate,communication,language,cyrillic,roman,greek,symbols,writings,poetry,books,thoughts,educated,learning,write,words
2,3,CANNONBALL,round,circular,hard,weapon,arms,shoot,kill,main,heavy,arsenal,ammo,ammunition,date,archaic,boom,noise,explode,explosion,detonate,bang
2,4,COUPON,voucher,ticket,discount,paper,value,savings,shopping,label,save,print,printer,shop,booking,proof,keep,gift,bonus,savings,extra,bonus
2,5,CUDDLE,hug,snuggle,warm,love,snog,kiss,fondle,fond,like,care,caring,smooch,snuzzle,warmth,sympathy,sympathize,caring,loving,hold,hugging
2,8,ENAMEL,hard,surface,teeth,white,coating,mouth,dentist,oral,dental,dentyne,lacquer,varnish,protection,protective,cover,outer,outside,molars,tooth,decay
2,13,GEM,jewel,ring,stone,valuable,cherish,stones,ruby,diamond,sparkle,polish,lovely,beauty,prize,fashion,agate,color,precious,love,wear,embellish
2,23,MOUNTAIN,hill,peak,summit,climb,conquer,reach,trek,hike,clamber,beat,defeat,overcome,adversity,challenge,beauty,nature,scenery,view,top,granite
2,26,PASTA,noodles,spaghetti,italian,food,staple,basin,carbohydrates,filling,nourishing,flour,sauce,bolognaise,meat,vegetables,tomato,diet,healthy,filling,hearty,feed
2,27,PEACOCK,proud,feather,blue,tail,bird,showy,elaborate,beautiful,nature,colorful,fly,cry,screech,call,wings,tail,prestige,boastful,royal,lavish
2,28,PUKE,sick,vomit,nausea,nasty,smelly,dislike,barf,baulk,belch,fart,sickness,vomiting,poison,hate,dislike,unpleasant,vile,rude,cough,choke
3,2,BATTLE,1066,hastings,war,killing,saving,people,guns,ammunition,men,woman,horses,bombs,granades,fight,flight,heros,noise,commotion,death,dying
3,11,FOLD,operation,crease,over,in,sheep,religious,material,,,,,,,,,,,,,
3,16,HEROIN,drug,bad,habit,spoon,fire,criminals,streets,gangs,addicts,help,medicine,coma,bad,nasty,killing,sleep,halucinations,trip,needle,arms
3,17,KIDNEY,body,two,need,organ,shaped,binary,transplant,operation,dialysis,hospital,doctor,nurse,machine,operation,disease,stones,blood,filter,lambs,sheep
3,20,MAGNIFY,lens,bigger,glass,handle,big,increase,seeing,large,eyes,tasks,shine,sun,fire,lights,home,hand,planets,sky,stars,galaxy
3,21,MONASTERY,building,monk,abbey,religious,vestment,cells,beer,wine,chocolate,bible,cross,abbot,men,cloth,healing,herbs,solitary,habit,stole,singing
3,29,RADIO,station,dial,knob,tuner,tune,dj,lights,bulbs,valves,digital,online,bbc,independent,satellite,presenters,music,opera,foreign,help,assistance
3,32,SPANK,hit,smack,hit,bottom,school,teacher,cane,hand,book,leather,belt,harm,hurt,cry,like,bad,naughty,child,hurting,hit
3,36,STOMACH,rumble,food,full,empty,organ,inside,sheep,,,,,,,,,,,,,
3,37,TEXTILE,cloth,pattern,plain,dress,coat,mat,rough,smooth,colors,details,feel,reupholster,covers,sitting,seats,chairs,sofas,loom,manufacture,spin
4,9,FARMYARD,mud,farmer,pig,cow,duck,sheep,chicken,tractor,barn,machinery,footpath,smell,puddles,pond,laborer,eggs,field,sty,stable,coop
4,10,FIG,tree,jam,chutney,fruit,brown,delicious,mascarpone,mediterranean,tasty,seeds,leaves,eden,rolls,pudding,food,treat,biblical,date,christmas,victorian
4,12,FRAGMENT,piece,part,little,broken,brittle,old,antique,crumb,deteriorate,break,apart,glass,china,fabric,precious,hammer,smithereen,,,
4,14,GROUNDHOG,film,same,animal,american,mammal,repetitive,burrow,routine,fur,brown,bill murray,musical,day,unfamiliar,small,rodent,cartoon,meme,,
4,22,MOSQUITO,buzz,sting,malaria,nuisance,insect,flying,wings,nets,larvae,thorax,abdomen,africa,repellant,pest,horrible,tiny,swarming,bites,itching,disease
4,24,NAPKIN,linen,paper,serviette,bib,cover,protection,polite,party,cocktails,canapes,napkin ring,wipe,spill,clean,fancy,patterned,plain,table,setting,decorative
4,30,RHUBARB,tart,triangle,yorkshire,ginger,plant,red,leaves,bitter,yuck,jam,crumble,squeaky,chop,stew,sugar,garden,produce,country show,unpleasant,prolific
4,35,SPREAD,smear,sandwich,butter,knife,soft,melting,share,thin,,,,,,,,,,,,
4,39,TOWER,london,bricks,castle,rapunzel,bridge,ravens,prison,dungeon,battlements,spiral staircase,high,tall,round,fairytale,tourist,glass,block,inferno,rainbow,flag
4,40,XYLOPHONE,instrument,musical,metal,chime,beaters,percussion,music,magical,school,plink,toy,alphabet,,,,,,,,
5,1,ALPHABET,letter,word,story,school,lesson,twenty six,letters,learning,names,acronym,company,capitals,learning,rote,spaghetti,names,index,category,spelling,home
5,3,CANNONBALL,canon,gun,war,warship,round,spherical,battle,speed,run,battlements,ceremonial,death,injury,damage,blood,fear,history,past,weaponry,heavy
5,4,COUPON,reward,paper,online,benefit,replacement,repayment,,,,,,,,,,,,,,
5,5,CUDDLE,nice,comforting,warm,loving,friendly,family,children,grandchild,happy,partner,wife,husband,fiance,friends,meeting,greeting,good,cheering,together,joint
5,8,ENAMEL,teeth,bath,paintwork,decoration,hard,resistant,scratch proof,white,bathroom,tiles,black,,,,,,,,,
5,13,GEM,jewel,diamond,ruby,emerald,sapphire,valuable,ring,necklace,tiara,wealth,valued,garnet,opal,lapis,craftsmanship,money,mining,child labor,work,craftsmanship
5,23,MOUNTAIN,peak,valley,climbing,walking,scenery,danger,snow,ice,glaciers,camping,trek,gorge,cliff,precipice,rescue,hi,cold,windy,base jumping,paragliding
5,26,PASTA,food,spaghetti,dinner,bolognese,sauce,penne,macaroni,wheat,cooking,kitchen,dinner,canned,italy,restaurant,olives,,,,,
5,27,PEACOCK,bird,feathers,beauty,color,pride,display,mail,female,,,,,,,,,,,,
5,28,PUKE,sick,ill,unpleasant,disgusting,alcohol,drunk,illness,fever,seasick,motion,pale,horrid,sweaty,unconscious,horizontal,toilet,bad,dislike,awful,
6,1,ALPHABET,letters,words,spaghetti,sentences,rhyme,children,learning,reading,writing,languages,twenty six,phonetics,understanding,lists,english,maths equations,algebra,kiss,initials,capitals
6,3,CANNONBALL,war,fighting,hard,metal,destroy,bomb,firing,army,cannon,shooting,kill,enemy,display,security,defense,harm,injury,soldiers,alight,harm
6,4,COUPON,voucher,discount,money,present,gift,store,online,clothing,food,money,electronic,paper,loyalty,award,customer,reduction,voucher,reward,high street,shopping
6,5,CUDDLE,hug,gentle,warm,emotional,upset,happy,big,squeeze,better,ill,care,love,want,kiss,need,crying,alone,people,animals,baby
6,8,ENAMEL,paint,gloss,emulsion,nail,varnish,protection,colors,chipped,scrape,car,hard,setting,smooth,brush,smell,toxic,hardwear,,,
6,13,GEM,jewel,rich,colorful,stone,necklace,ring,birthstone,personal,spiritual,chakra,meditation,present,gift,meaningful,diamond,ruby,quartz,jade,pearl,ruby
6,23,MOUNTAIN,hill,country,everest,cold,massive,small,pointed,flat,climbing,hike,challenge,peak,snow,countryside,famous,boots,clothing,air,temperature,protection
6,26,PASTA,food,italy,restaurant,meal,dish,sauce,tomato,meat,spaghetti,,,,,,,,,,,
6,27,PEACOCK,bird,feathers,eyes,blue,colors,pehen,posh,fly,legs,farm,zoo,wings,tail,male,mating,uncommon,colors,heavy,mating,countryside
6,28,PUKE,vomit,sick,food,illness,drunk,messy,pregnancy,bile,carrots,unwell,toilet,wretch,stomach,poorly,sick,alcohol,overeat,bulimia,intolerance,upset stomach
7,6,DIAGRAM,venn,multiple,simple,simplify,illustrate,data,analysis,trend,explain,color,info,information,knowledge,trend,visualize,explain,summary,info,standard,populate
7,7,DOORMAT,tramp,trample,outdoor,indoor,dirty,rub,foot,foot,stand,welcome,goodbye,rubber,carpet,velvet,lilac,essentials,grip,backing,colors,black
7,15,GUST,wind,strong,blow,blown,away,natural,cold,weather,forecast,mph,kph,units,strength,invisible,chill,windy,air,presenter,pull,accident
7,18,KITCHEN,house,room,food,worktop,quartz,units,stove,microwave,cooker,toaster,kettle,tea,coffee,storage,dishwasher,fridge,freezer,bar,stool,chairs
7,19,LEASE,money,rent,finance,car,house,loan,monthly,payment,direct,debit,goods,cheap,expensive,rental,borrow,deposit,payment,down,costs,expense
7,25,OAK,wood,tree,brown,furniture,pleasant,premium,expensive,good,pattern,items,carpentry,chop,furniture,chair,table,coffee table,color,cabinet,durable,hard
7,31,SLAUGHTER,knife,blade,machete,slice,slit,chop,stab,man,meat,beef,lamb,chicken,fish,steak,pain,painless,industrial,halal,prayer,millions
7,33,SPOKESPERSON,male,female,microphone,talking,radio,sports,entertainment,tv,audio,loud,clear,words,speech,rep,voice,loud,clear,articulate,well,present
7,34,SPRAIN,injury,pain,pull,muscle,back,body,bedridden,injured,recovery,physiotherapy,doctor,painkiller,assess,healing,massage,stretch,male,female,not nice,accident
7,38,TORTOISE,green,hard,shell,small,large,big,outdoors,slow,lazy,friendly,pet,brown,outdoors,feed,wildlife,park,greenery,grass,hare,sleep
8,6,DIAGRAM,picture,drawing,lessons,school,work,revision,image,chart,grid,table,information,people,sketch,,,,,,,
8,7,DOORMAT,wet,rain,dry,door,entrance,house,building,wipe,shoes,boots,footwear,dirty,,,,,,,,
8,15,GUST,wind,weather,lots,strong,winter,storm,stormy,cold,windy,,,,,,,,,,,
8,18,KITCHEN,table,chairs,island,stools,bar,oven,stove,stove,house,dining table,food,drinks,cups,plates,bowls,knife,forks,spoons,dinner,breakfast
8,19,LEASE,car,house,building,rent,pay,money,cheap,work,vehicle,flat,apartment,,,,,,,,,
8,25,OAK,tree,furniture,table,chair,cupboards,leaf,forest,house,trees,trunk,leaves,kitchen,worktop,doors,brown,wood,outside,outside,houses,tables
8,31,SLAUGHTER,manslaughter,murder,animals,pigs,food,cows,death,kill,murder,hurt,pain,dead,,,,,,,,
8,33,SPOKESPERSON,talk,speaking,audience,present,presentation,nervous,confident,notes,listeners,listening,team,working,,,,,,,,
8,34,SPRAIN,hurt,leg,arm,injure,ankle,hurts,walking,sport,accident,painful,football,exercise,gym,hospital,doctor,resting,ice,fallen,gentle,careful
8,38,TORTOISE,green,slow,shell,legs,old,zoo,pets,turtle,animal,creature,fragile,brown,gentle,outside,animals,,,,,
9,9,FARMYARD,animals,cow,farmer,dung,tractor,chicken,scrapmetal,pigs,wellingtons,much,mud,combineharvester,trailer,sacks,cobbles,dogs,cats,rats,barbor,water trough
9,10,FIG,leaf,statue,biscuit,grandmother,roll,tree,fruit,pips,jam,preserve,jus,brown,small,ripe,give,pudding,song,carol,christmas,ripe
9,12,FRAGMENT,bit,small,broken,part,shard,scrap,ancient,dig,museum,conserve,tapestry,material,roman,glass,pottery,jewelry,shoe,remains,delicate,mind
9,14,GROUNDHOG,animal,mammal,burrow,day,film,comedy,repeat,furry,brown,weather,forecast,america,usa,dan,punxatawny,nocturnal,hibernation,tail,nose,whiskers
9,22,MOSQUITO,annoying,buzz,itch,bite,holiday,net,cream,malaria,illness,water,stagnant,insect,skin,pool,africa,india,malaria,nose,blood,nighttime
9,24,NAPKIN,serviette,paper,ring,table,bib,protection,food,drop,wipe,plain,color,christmas,wedding,buffet,restaurant,dinner,hands,face,adult,spill
9,30,RHUBARB,rubbish,blather,plant,garden,forced,planter,cover,spring,crumble,pie,custard,pink,stalks,sharp,organic,homegrown,rubbish,repetitive,gin,tonic
9,35,SPREAD,butter,margarine,cheese,food,buffet,spreadsheet,money,sums,enlarge,soft,porkpie,wake,ooze,contagion,rumor,gossip,knife,,,
9,39,TOWER,london,beefeaters,jewels,brick,solid,fortress,tall,impregnable,hill,cemetery,over,building,ancient,modern,thin,storeys,loom,crenellations,guards,ravens
9,40,XYLOPHONE,music,song,tone,hammer,sonorous,child,toy,colors,tunes,rubber,metal,scale,fun,melodic,noisy,loud,gentle,wood,shape,small
10,2,BATTLE,hastings,harold,eye,glasses,vision,marvel,iron man,hero,fireman,fire,water,lake,fish,swimming,floating,dead,body,cold,fridge,milk
10,11,FOLD,poker,straight,bisexual,gay,pride,honest,truthful,lies,deceit,conman,lies,fake,forgery,art,museum,van gogh,ear,sunflowers,field,green
10,16,HEROIN,drug,cannabis,weed,chilled,relaxed,sitting,comfortable,sofa,house,night,dark,midnight,witch,spooky,halloween,autumn,cold,winter,christmas,presents
10,17,KIDNEY,steak,pie,gravy,roast,beef,dripping,christmas,present,happy,warm,fireplace,stocking,suspenders,lingerie,married,family,children,home,comfortable,snug
10,20,MAGNIFY,bigger,smaller,tiny,ant,bug,insect,leaves,plats,trees,monkeys,rainforest,canopy,treetops,jungle,tiger,jungle book,mowgli,bagheera,panther,baloo
10,21,MONASTERY,monks,nuns,holy,spiritual,jesus,church,god,pray,solemn,quiet,silence,deaf,nothing,void,space,vacuum,clean,shiny,reflective,glass
10,29,RADIO,music,happy,songs,odj,party,fun,dance,jive,swing,polka,dot,bikini,beach,sun,holiday,sunscreen,pool,cocktails,umbrella,lounger
10,32,SPANK,hurt,sad,cry,upset,cuddle,warm,helping,kind,loving,embrace,family,children,beautiful,flower,rose,blood,death,coffin,ground,cemetery
10,36,STOMACH,food,hungry,eat,tasty,dinner,chicken,fried,chips,mayonnaise,sauce,gravy,roast,potato,vegetables,carrots,broccoli,trees,forest,wildlife,animals
10,37,TEXTILE,fabric,weave,sewing,machine,factory,industrial,factory,smoke,stacks,building,blocks,stop,halt,refrain,nowhere,empty,vase,flower,tulip,amsterdam
11,2,BATTLE,fight,hastings,ground,ww1,ww2,russia,ukraine,knights,army,cavalry,soldier,death,dying,dead,won,lost,casualty,hospital,excaliber,war
11,11,FOLD,paper,origami,money,money clip,folder,sheets,washing,laundry,,,,,,,,,,,,
11,16,HEROIN,drug,smack,hospital,overdose,spoons,needles,stab,death,woman,female hero,,,,,,,,,,
11,17,KIDNEY,stones,beans,failure,transplant,organ,body,inside,pie,steak,offel,animals,human,operation,hospital,black market,surgeon,doctor,nurse,anesthetic,medicine
11,20,MAGNIFY,glass,bigger,closer,insects,stars,planets,big eye,telescope,search,,,,,,,,,,,
11,21,MONASTERY,priest,monk,religion,old building,sacred,belief,righteous,faith,hope,marriage,soul,mind,body,church,steeple,jesus,god,temple,buddhist,buddha
11,29,RADIO,music,waves,antenna,bands,fm,truckers,song writers,am,signals,presenters,sound,speaker,volume,phone,base,treble,tempo,earphones,headphones,singers
11,32,SPANK,smack,hit,violent,,,,,,,,,,,,,,,,,
11,36,STOMACH,food,intestines,organs,ache,belly,tummy,acid,digestion,reflux,dinner,breakfast,lunch,body,fat,baby,baby,twins,operation,pains,tissue
11,37,TEXTILE,fabric,school,fabric,texture,wood,plastic,bags,shoes,fabrication,engineering,tools,box,silicon,ceramic,create,build,repair,new,old,metal
12,6,DIAGRAM,maths,demonstrative,words,figures,numbers,study,learn,visual,medical,universitys,school,teaching,teacher,colorful,slideshow,supplementary,revision,arrows,flow,reference
12,7,DOORMAT,doorway,entrance,walk,dirty,foot,shoes,material,rectangle,phrase,individual,protect,floor,rug,submissive,non-dominant,walked-over,pushover,brown,spiky,house
12,15,GUST,wind,fierce,strong,weather,cold,coat,scarf,ch,,,,,,,,,,,,
12,18,KITCHEN,house,counter,oven,kettle,microwave,stove,cooking,sink,dishwasher,chef,industrial,cutlery,spoon,fork,knife,clean,food,preparation,storage,fridge
12,19,LEASE,rent,house,legal,landlord,tennant,contract,money,pay,monthly,yearly,extended,residential,residents,move in,cohabit,business,workspace,offices,hire,real estate
12,25,OAK,tree,nature,natural,wood,furniture,habitat,animals,paper,old,brown,bark,beige,leaves,table,chairs,houses,beams,purchase,obtain,
12,31,SLAUGHTER,horrific,kill,murder,savage,animal,farming,murderer,crime,homicide,death,cruel,unfair,victim,mean,defendant,arrest,prison,punishment,,
12,33,SPOKESPERSON,voice,speaking,audience,statement,speech,conference,nominated,volunteer,confident,loud,articulate,opinion,group,hearing,language,,,,,
12,34,SPRAIN,injure,hurt,exercise,ankle,wrist,back,hand,ice,doctor,recover,rest,bandage,splint,cast,elevate,mental,exhausted,overworked,tired,uncomfortable
12,38,TORTOISE,reptile,salmonella,pet,exotic,legs,shell,green,brown,animal,hot,bask,slow,hare,fable,herbivore,cold,blood,mouth,claws,silent
13,6,DIAGRAM,drawing,diagonal,maths,triangle,diaphragm,illustrate,explain,words,pictures,books,helpful,information,simple,simplify,visual,books,bookshelf,school,class,lesson
13,7,DOORMAT,door,mat,shoes,wipe,house,home,wet,weather,helpful,dry,helpful,front door,home,doorbell,mats,material,material,slippers,post,guests
13,15,GUST,wind,autumn,cold,dark,rainy,thunder,storm,windy,autumn,august,september,leaves,trees,blown,strong,gusts,high speed,gusty,winter,chilly
13,18,KITCHEN,cook,cooking,food,fridge,cupboard,biscuits,snack,saucepan,frying pan,utensils,fork,spoon,knife,knife,prepare,chop,chopping board,fish,chicken,dairy
13,19,LEASE,house,tenancy,short,long,property,landlord,agreement,contract,binding,legal,accommodation,rent,mortgage,sign,tenant#,pets,refurbish,rules,home,break clause
13,25,OAK,tree,material,sofa,autumn,forest,color,furniture,sales,oaklands,acorn,squirrel,leaves,dirt,ground,trees,nature,wood,woodlands,climate,planet
13,31,SLAUGHTER,wrong,bad,extreme,dynamic,animals,kill,house,halloween,horror,films,dvd,blu ray,grim,dark,cold,mysterious,eerie,spooky,unknown,house
13,33,SPOKESPERSON,person,speech,words,present,presentation,stand,audience,powerpoint,speaker,microphone,issues,conversation,arguments,cameras,venue,guest,guest speaker,spokesman,spokeswoman,suit
13,34,SPRAIN,bad,damage,hurt,injure,ankle,wrist,arm,leg,ice,heat,heal,medicine,hospital,cast,sympathy,spray,patience,rest,sports,danger
13,38,TORTOISE,animal,pet,turtle,slow,steady,teenage,mutant,ninja,shell,solid,strong,hibernate,habitat,swim,water,mammal,insects,aqua,turtles,nemo
14,1,ALPHABET,letters,song,language,learn,sequence,numbers,song,school,nursery,rhyme,reading,books,english,apple,daughter,son,young,toddler,playground,book
14,3,CANNONBALL,castle,run,cannon,horse,cars,medieval,gilm,book,superhero,turret,drawbridge,mote,black knight,game of thrones,road trip,gumball rally,hard,ball,heavy,old
14,4,COUPON,offer,cheap,deal,money,money,free,paper,newspaper,scissors,perforation,cutting,knife,glossy paper,sticky,invalid,expire,supermarket,magazine,christmas,sale
14,5,CUDDLE,lovely,nice,warm,sexy,cute,love,sad,jumper,quilt,bed,marriage,sad,,,,,,,,
14,8,ENAMEL,decorate,teeth,colorful,glossy,glassy,teeth,toothpaste,paint,coating,hard,art,craft,dentist,toothbrush,plate,cup,mug,paint,varse,old
14,13,GEM,beautiful,rock,rare,expensive,stone,birth,birthstone,zodiac,star signs,earth,treasure,royalty,pirates,gold,expensive,mining,digging,prospecting,geode,colorful
14,23,MOUNTAIN,everest,tall,big,cold,water,evian,dangerous,film,climbing,rock climbing,boulder,rope,clip,snow,avalanche,blizzard,skiing,snowboard,dangerous,death
14,26,PASTA,italy,pizza,garlic,macaroni,tomato,sauce,garlic bread,lady and the tramp,spaghetti,bowl,messy,carbonara,lasagne,tasty,cheese,mac cheese,salad,carbohydrate,tuna,sweetcorn
14,27,PEACOCK,bird,feathers,farmyard,colorful,colors,big,beautiful,peahen,eyes,purple,flying,pecky,farmyard,beautiful,red,egg,rare,dirt,grass,camping
14,28,PUKE,poorly,sick,gross,unhealthy,messy,baby,drunk,hangover,ill,illness,covid,dislike,chunks,toilet,hair,unpleasant,horrible,bed,milk,nope
15,6,DIAGRAM,picture,graph,labels,information,textbook,school,captions,drawing,education,manual,helpful,instructive,tutorial,,,,,,,
15,7,DOORMAT,house,home,keys,foot,mud,wipe,homely,sturdy,thick,trodden,durable,welcoming,rectangle,bristly,scraping,worn,pushover,weak,door,
15,15,GUST,wind,quick,powerful,weather,unexpected,blow,strong,harmful,newsworthy,damage,movement,falling,momentum,unpredictable,sudden,pungent,worrying,fast,surprising,unusual
15,18,KITCHEN,food,cupboard,fridge,freezer,oven,microwave,linoleum,steam,pots,pans,sauces,herbs,meats,drinks,preparation,cooking,eating,serving,plates,forks
15,19,LEASE,house,home,rent,mortgage,agents,buy,selling,fees,solicitors,money,payment,terms,conditions,agreement,sanctions,rules,years,freehold,management,authority
15,25,OAK,tree,large,old,shelter,wood,pine,branch,trunks,forest,greenery,casket,strong,durable,luxurious,versatile,pubs,timber,fell,sustainable,planting
15,31,SLAUGHTER,kill,murder,maim,cruel,barbaric,sergeant,meat,abitoire,cleaver,blood,guts,gory,death,finish,,,,,,
15,33,SPOKESPERSON,orator,leader,union,worker,authority,figurehead,speaker,talking,convey,message,mouth,chosen,represents,articulate,dynamic,knowledgeable,clear,sincere,news,politics
15,34,SPRAIN,injury,swelling,ankle,wrist,pain,disable,sports,inflamed,doctors,hospitals,inconvenient,physiotherapy,rehab,sore,ice,recovery,,,,
15,38,TORTOISE,animal,slow,old,hare,race,plodding,deliberate,ugly,shell,hard,dull,,,,,,,,,
16,1,ALPHABET,school,student,learning,reading,letters,symbols,chart,game,routine,speech,language,development,english,novels,reading,understanding,growth,connections,pictures,animations
16,3,CANNONBALL,symbolic,historic,war,violence,army,battle,fight,king,queen,kingdom,riches,poverty,heavy,soldiers,plan,strategy,goal,country,weapon,striving
16,4,COUPON,money,savings,supermarket,online,collection,organize,homemaker,frugal,careful,aware,thoughtful,plan,providing,food,meals,nourishment,time,savings,memory,paper
16,5,CUDDLE,partnership,romance,friend,partner,warmth,empathy,support,trust,comfort,home,safety,refuge,connection,understanding,support,cosy,movie,love,,
16,8,ENAMEL,nail-polish,cups,plates,forks,knife,art,decoration,teeth,break,worn,robust,fragile,covert,ignore,expensive,charity,antique,home,family,heirloom
16,13,GEM,priceless,luxury,jewelry,jeweler,birthday,christmas,gift,romance,capitalism,empty,clothing,costume,wealth,poverty,factory,light,symbolic,gesture,stereotype,art
16,23,MOUNTAIN,tall,journey,sky,snow,dirt,path,view,travel,fitness,ambition,determination,peaceful,birds,hike,stones,nature,refuge,achievement,strength,courage
16,26,PASTA,cheese,warm,meal,community,batch,cheap,delicious,versatile,nourishing,warming,cosy,winter,garlic,bread,family,together,meal,date,romance,comfort
16,27,PEACOCK,rare,vibrant,animal,bird,luxury,strength,confidence,light,bright,art,feathers,beak,majestic,nature,capture,zoo,noticeable,guiding,prominent,view
16,28,PUKE,sick,unwell,food,virus,infection,medication,illness,disease,chronic,allergy,intolerance,bleach,toilet,sink,water,floor,soap,shower,sleep,
17,9,FARMYARD,animal,dirt,muck,manure,cluck,moo,oink,farmer,tractor,trailer,cows,pigs,hens,eggs,animals,farmhouse,cobbles,straw,dogs,cats
17,10,FIG,roll,fruit,exotic,musty,jam,newton,tart,pastry,expensive,supermarket,tree,summer,hot,tropical,exclusive,gourmet,fresh,pizza,punnet,cream
17,12,FRAGMENT,piece,broken,document,china,information,corner,missing,broken,chipped,incomplete,pottery,shard,remains,leftovers,dig,archaeology,museum,exhibit,exhibition,manuscript
17,14,GROUNDHOG,day,hanks,film,again,repeat,animal,africa,snout,forage,worms,creature,hot,digging,burrow,dirty,fierce,dangerous,tunnel,oscar,repeat
17,22,MOSQUITO,malaria,bite,disease,quinine,buzz,dangerous,sting,swat,kill,africa,mozzie,africa,swamp,fatal,net,spray,plane,raf,typhoon,pilot
17,24,NAPKIN,serviette,dinner,restaurant,lap,mouth,ring,table,restaurant,linen,cotton,paper,spills,crumbs,wipe,cover,crumpled,stain,neck,fold,plate
17,30,RHUBARB,custard,tart,jam,ginger,plant,stalk,leaf,darkness,garden,compote,dessert,crumble,icecream,sweets,nonsense,chatter,laxative,zingy,fruit,red
17,35,SPREAD,butter,margarine,betting,wings,toast,bread,sandwich,wide,food,dinner,knife,manure,tank,sandwich,creamy,thick,thin,oil,marmite,marmalade
17,39,TOWER,london,high,beefeaters,turret,castle,factory,smoke,pollution,monument,bridge,cooling,industrial,skyline,jenga,profiterole,above,climb,prison,rapunzel,babel
17,40,XYLOPHONE,music,sticks,wood,orchestra,musician,percussion,noise,difficult,band,school,loud,big,unusual,metal,africa,new zealand,children,horrible,,
18,2,BATTLE,fight,soldier,army,navy,raf,cadets,war,punch,kick,hair pull,push,shove,courage,brave,win,lose,mental,physical,hard,sad
18,11,FOLD,half,quarter,bedding,material,washing,clothes,card,middle,quarter,origami,make,letter,way,create,difference,change,neat,angle,straight,bankrupt
18,16,HEROIN,drug,addict,evil,crime,veins,arm,den,dealer,,,,,,,,,,,,
18,17,KIDNEY,body,human,function,organ,body,blood,filter,purify,clean,dialysis,important,steak,pie,offal,eat,bean,bowl,oval,vital,animal
18,20,MAGNIFY,large,look,detail,big,glasses,glass,focus,study,real,expand,read,extreme,exaggerate,accentuate,,,,,,
18,21,MONASTERY,monk,religion,building,quiet,peace,haunt,silence,scary,men,worship,life,large,grand,old,stone,ceiling,windows,color,books,peace
18,29,RADIO,listen,music,play,podcast,dj,dance,relax,car,dial,digital,arial,channels,rock,dance,jazz,classical,presenters,shows,24 hours,interviews
18,32,SPANK,hit,smack,whack,naughty,body,hand,hard,soft,playful,hurtful,punishment,fun,game,child,adult,wrong,threat,inappropriate,firm,
18,36,STOMACH,ache,digestion,bowels,intestine,tripe,food,drink,human,animal,full,hungry,indigestion,illness,sickness,overindulge,beer belly,waist,pregnancy,rumble,gurgle
18,37,TEXTILE,material,rag,thread,clothes,rug,carpet,throw,cover,duvet,hat,weave,wool,knit,sew,dressmaking,study,fashion,home interior,fabric,texture
19,9,FARMYARD,animals,barn,farmer,hens,eggs,tractor,chickens,cows,goat,horse,fields,crops,stables,horses,workers,hay,gates,farmhouse,tools,harvest
19,10,FIG,fruit,brown,luscious,stalk,dates,large,seeds,taste,texture,middle east,foreign,import,box,cake,persian,food,treat,accompaniment,snack,muesli
19,12,FRAGMENT,rag,piece,tiny,material,paper,tiny,remains,torn,little,particle,memory,fleeting,wisp,thread,strand,unreachable,little,wisp,only,few
19,14,GROUNDHOG,film,repetition,animal,boar,pigs,woods,forest,disgust,uncertain,animal,herd,countryside,shooting,hunting,grey,snout,wild,savage,running,avoidance
19,22,MOSQUITO,insect,malaria,water,tropics,heat,dirty,disease,biting,itchy,rash,climate,illness,dirty water,heat,abroad,cream,fright,avoidance,repellent,cream
19,24,NAPKIN,dinner,white,starched,shapes,formal,dining table,,,,,,,,,,,,,,
19,30,RHUBARB,fruit,vegetable,red,leaves,green,stalk,pudding,sauce,sour,acidic,sugar,garden,fields,manure,candlelight,sheds,growers,poisonous leaves,ornamental,tasty
19,35,SPREAD,food,sandwich,sauce,tea,lunch,meat,vegetable,marmite,feast,party,special,wide,eating,friends,people,occasion,party,butter,savory,tasty
19,39,TOWER,tall,church,steep,large building,house,castle,countryside,bricks,stone,old,apartments,block,sky,view,past,solid,thick,imposing,wealth,structure
19,40,XYLOPHONE,keys,stick,sound,color,toy,music,play,instrument,children,shape,gift,orchestra,instrumental,ringing,band,players,notes,music,nursery,playschool
20,9,FARMYARD,farm,chicken,manure,barn,hen,rooster,pig,cow,sheep,milk,hay,tractor,lamb,calf,kittens,cats,sheepdog,heard,milking,goat
20,10,FIG,fruit,passion fruit,raisin,sour,peach,plum,pear,banana,grape,lemon,lime,raspberry,tasty,blackberry,blackcurrant,redcurrant,,,,
20,12,FRAGMENT,dna,shard,splinter,meteorite,molecule,shell,piece,fragmentation,dna,peptide,scrap,skull,bone,mosaic,debris,pottery,fission,collision,crash,bullet
20,14,GROUNDHOG,squirrel,burrow,gopher,woodstock,badger,weasel,rabbit,coyote,hedgehog,loop,holiday,day,murray,wildlife,habitat,prediction,predator,hunting,rodent,small
20,22,MOSQUITO,bite,aids,sting,noise,noise,buzz,annoying,insect,africa,whine,infection,illness,blood,vampire,transmit,spray,hum,disease,humid,malaria
20,24,NAPKIN,wipe,towel,wipe,waiter,cloth,handkerchief,dinner,diner,meal,fold,sauce,coffee,tea,soup,dessert,starter,greasy,embroider,clean,dainty
20,30,RHUBARB,custard,powdered,canned,root,herbal,cook,sour,edible,beet,roast,bake,salad,melon,flavor,ginger,hardy,vegetable,medicine,cherry,barb
20,35,SPREAD,butter,rumor,wide,disease,virus,plague,infection,hiv,infectious,disperse,thinly,evenly,rapidly,quickly,cloth,blanket,bed,wildfire,flame,panic
20,39,TOWER,tall,building,big,brick,castle,satellite,long,rapunzel,stack,strength,t,,,,,,,,,
20,40,XYLOPHONE,instrument,cymbal,bassoon,gong,keyboard,trombone,violin,guitar,oboe,jingle,banjo,tambourine,mandolin,drum,rattle,orchestra,organ,piano,bass,triangle
21,1,ALPHABET,language,english,children,learning,school,easy,hard,nursery,teachers,book,toddlers,european,passwords,vocabulary,speech,reading,communicating,wordskill,story,essay
21,3,CANNONBALL,soldiers,battlements,firing,guns,castle,battlements,canon,enemy,soldiers,war,battle,black,round,heavy,bang,smoke,fire,injury,wounds,killing
21,4,COUPON,ticket,paper,white,money,savings,discount,value,cheap,percentage,present,gift,birthday,economy,less,square,fragile,cheap,food,drinks,christmas
21,5,CUDDLE,loving,soft,caress,teddy,bear,husband,wife,children,son,daughter,animals,throw,warmth,affection,kindness,appreciate,tingly,nice,closeness,happy
21,8,ENAMEL,nail,varnish,shiny,paint,chipped,smooth,sparkling,protection,longlasting,pearlise,paintings,repairs,colors,gold,silver,clear,coats,smelly,mask,protection
21,13,GEM,stone,expensive,diamond,ruby,emerald,sapphire,ring,broach,necklace,gemstone,money,hundreds,carat,color,intensity,cut,gorgeous,proposal,wedding,marriage
21,23,MOUNTAIN,high,hill,remote,high,cold,foggy,oxygen,breathe,green,white,snowy,climb,high,impressive,climbing,altitude,sickness,view,beautiful,majestic
21,26,PASTA,lovely,italian,peppers,spaghetti,farafelle,penne,fettucine,tagliatelle,bolognese,lasagna,yummy,favorite,fork,parmesan,cheese,garlic,parmesan,olives,filling,favorite
21,27,PEACOCK,colors,blue,green,white,strutting,peahen,noisy,screechy,fantail,pretty,proud,bird,bigbird,male,mating,partner,loving,beautiful,openout,tails
21,28,PUKE,sick,horrible,green,messy,illness,pain,vomit,ache,disagreeable,horrible,regurgitation,bad,ill,headache,flue,food,bug,disease,dizzy,yellow
22,6,DIAGRAM,annotation,drawing,picture,advisory,information,display,illustrate,book,science,explain,explanation,picture,information,learning,drawn,book,poster,explanation,words,show
22,7,DOORMAT,pushover,clean,foot,shows,shoes,door,outside,rain,wet,dirty,clean,floor,carpet,storm,snow,boots,dry,dirt,dirty,clean
22,15,GUST,wind,blow,gale,hurricane,solar,wind farm,windy,offshore,power,blowing,unsteady,bad,weather,trees,damage,outdoors,indoors,hide,rain,hair
22,18,KITCHEN,cooker,sink,microwave,lounge,toilet,study,office,bedroom,ensuite,utility,island,cooking,chef,pretty,room,house,sociable,breakfast,dinner,lunch
22,19,LEASE,rent,borrow,own,use,car,flat,house,pay,,,,,,,,,,,,
22,25,OAK,tree,pine,park,woods,forest,logs,fire,burning,beautiful,nature,wild,large,old,ancient,leaves,autumn,seasonal,majestic,stunning,hills
22,31,SLAUGHTER,animal,killing,house,abattoir,killing,cows,livestock,unfair,sad,murder,pain,carnivore,farm,farmers,meat,beef,steak,death,sad,killer
22,33,SPOKESPERSON,speaker,represent,representative,speech,talking,advocate,,,,,,,,,,,,,,
22,34,SPRAIN,hurt,pain,painful,leg,ankle,wrist,hospital,doctors,cast,sling,football,injury,injured,broken,break,sore,acetaminophen,pain relief,sport,rest
22,38,TORTOISE,turtle,shell,land,animal,mammal,island,exotic,wild,cute,beautiful,nature,inspiring,rare,c,,,,,,
23,6,DIAGRAM,picture,explaination,drawing,maths,science,chart,powerpoint,directions,instructions,ikea,understanding,teaching,clear,explaination,whiteboard,,,,,
23,7,DOORMAT,mud,shoes,door,house,home,boots,weak,enter,exit,brown,wipe,wet,stand,passive,introvert,dust,,,,
23,15,GUST,wind,blow,gale,weather,forecast,speed,cold,winter,kite,blow,washing,leaf,gale,hurricane,tornado,,,,,
23,18,KITCHEN,cook,food,bin,cat,snack,tap,sink,cooker,oven,bowl,fork,knife,spoon,kettle,tea,cup,plate,crisp,lunch,breakfast
23,19,LEASE,rent,borrow,car,loan,money,longterm,grant,share,horse,house,office,expense,tie,accept,hire,pay,property,hire,field,land
23,25,OAK,tree,table,chair,sideboard,flooring,woods,acorn,apple,squirrel,birds,forest,tree,treehouse,leaf,twig,branch,bark,smell,solid,veneer
23,31,SLAUGHTER,death,animals,blood,kill,die,meat,terrorist,sheep,cows,pig,house,knife,chicken,turkey,food,crime,murder,shooting,gun,arrest
23,33,SPOKESPERSON,leader,boss,group,work,jury,protest,cause,speech,union,front,case,lesson,elect,dictator,represent,advocate,lawyer,speaker,,
23,34,SPRAIN,ankle,pain,hospital,fall,sport,walking,sore,tendon,illness,wrist,finger,toe,bandage,crutch,boot,walking stick,fracture,muscle,nurse,doctor
23,38,TORTOISE,shell,turtle,ecoli,lettuce,slow,hibinate,blue peter,box,tank,bath,dry,pet,giant,home,lost,hard,galapogis,grave,poop,green
24,2,BATTLE,war,soldier,army,raf,fighting,world,illness,health,counseling,demons,courts,people,systems,axe,conflict,disagreement,rights,nato,punishment,loss
24,11,FOLD,paper,laundry,origami,art,creativity,letter,washing,cards,ladder,pram,bike,blankets,paper,defeat,artist,crafts,hobby,children,chores,housework
24,16,HEROIN,drug,addict,dealer,illegal,police,substance,misuse,arrest,streets,needle,smoking,charity,support,disease,counseling,weight,unhealthy,crime,punishment,prison
24,17,KIDNEY,body,stone,failure,humans,organs,internal,rupture,infection,failure,transplant,beans,steak,medicine,doctor,chef,unhealthy,diagnosis,urine,back,pain
24,20,MAGNIFY,glassess,glass,zoom,enhance,enlarge,widen,improve,quality,sight,vision,glass,plastic,handle,monocle,telescope,sky,stars,focus,read,reading
24,21,MONASTERY,royal,family,rich,important,influential,history,historic,king,queen,prince,princess,duke,duchess,soldier,footman,castle,grounds,horses,tea,crown
24,29,RADIO,music,podcast,audio,presenters,charts,news,audio,story,discussion,adverts,loud,volume,happy,car,interviews,celebrity,information,quiz,informative,
24,32,SPANK,bottom,bdsm,bondage,person,punishment,sexual,torture,pleasure,consent,fun,,,,,,,,,,
24,36,STOMACH,gut,eating,drinking,internal,organs,sickness,pregnancy,weight,ache,belly,doctor,gp,medicine,pharmacy,sickness,intestines,acid,full,hungry,appetite
24,37,TEXTILE,clothes,fabric,sewing,factory,sewing,leather,cotton,workers,fashion,garments,blankets,upholstery,alterations,patchwork,needle,knitting,tapestry,art,design,creativity
25,2,BATTLE,fight,fought,hill,castle,stone,cold,hot,green,grass,dew,halt,news,wales,wall,thick,stairs,guard,metal,spike,floor
25,11,FOLD,paper,fold,book,text,scribble,line,page,red,folder,line,drawing,paint,child,news,advert,sell,magazine,color,pencil,writing
25,16,HEROIN,drug,inject,white,teeth,sleep,needle,park,cold,lonely,addiction,mental,health,wrinkle,thin,gaunt,sad,depressed,homeless,single,dog
25,17,KIDNEY,steak,gravy,urine,wee,piss,tender,meat,cow,sheep,human,brain,blood,clear,clean,ovary,womb,lungs,breathe,cake,mouth
25,20,MAGNIFY,zoom,space,wide,photo,trees,picture,dogs,fast,run,edit,blur,blind,text,loaf,hole,deep,mine,lift,shaft,in
25,21,MONASTERY,church,spire,monk,building,stone,cold,roof,thatch,music,organ,speech,old,beard,coat,red,seat,wood,floor,gravel,end
25,29,RADIO,sounds,bbc,internet,podcast,television,color,image,microphone,wire,connector,tube,voice,music,bands,speaker,vibrate,core,radio,satellite,air
25,32,SPANK,sex,vagina,child,discipline,pain,cover,bed,snuggle,pillow,hurt,maybe,mark,red,fiction,text,red,book,black,leg,foot
25,36,STOMACH,each,peach,sofa,cushion,yoke,dizzy,egg,splash,mess,soldier,pan,water,salt,oven,plan,oval,window,blind,relax,book
25,37,TEXTILE,fabric,soft,fluff,dust,oval,warm,jiffy,run,shoes,laces,wire,cover,coat,jacket,gloves,scarf,chair,comfort,log,cover
26,9,FARMYARD,farm,animal,tractor,fence,dirty,field,grass,dogs,pigs,cows,sheep,silo,grain,bayles,hay,combine harvester,rats,wellies,chickens,donkeys
26,10,FIG,tree,biscuit,fruit,tree,pudding,dessert,pudding,christmas,roll,sweet,fruit,grow,green,tree,,,,,,
26,12,FRAGMENT,piece,glass,small,sharp,shard,broken,piece,plastic,dream,shatter,item,debris,hard,sharp,reflect,triangle,element,item,shard,window
26,14,GROUNDHOG,day,film,bill murray,story,hog,pig,repetition,movie,again,day,again,repeat,funny,amusing,film,concept,,,,
26,22,MOSQUITO,bite,buzz,pest,insect,itch,allergy,hot,annoying,bug,fly,wings,sting,malaria,spain,night,citronella,bite cream,hurt,fly,sting
26,24,NAPKIN,paper,fabric,clean,crumbs,dinner,food,party,mouth,table,buffet,dinner,restaurant,cafe,eating,dining,knife,fork,spoon,plate,bowl
26,30,RHUBARB,crumble,custard,sugar,sweet,sweet,bitter,dessert,grow,cook,harvest,bake,boil,sugar,gin,sharp,baking,grandma,sunday lunch,dessert,pudding
26,35,SPREAD,butter,margarine,sandwich,buffet,share,jam,marmalade,marmite,chocolate,pate,sandwich,lunch,picnic,food,happy,share,dinner,lunch,packed school lunch,cheese
26,39,TOWER,high,tall,castle,scary,bt,royal,posh,block,flats,large,bricks,stone,london,execution,princess,eiffel,paris,pc tower,blackpool,twin
26,40,XYLOPHONE,instrument,music,play,school,orchestra,band,noisy,tune,play,learn,wooden,strike,noisy,loud,hit,school band,melancholic,assembly,school hall,music
27,1,ALPHABET,letters,street,phonetic,learn,twenty six,vowels,consanants,spell,child,school,painting,wall,keyboard,type,write,prince,sounds,shapes,left,right
27,3,CANNONBALL,weapon,missile,armed,castle,old fashioned,knight,metal,heavy,army,moat,fuse,dynamite,kill,ball,bang,explosion,smoke,noise,fire,distance
27,4,COUPON,voucher,ticket,discount,free,food,paper,cut,magazine,newspaper,collect,checkout,till,purse,money,produce,loyalty,saving,shopping,keep,spend
27,5,CUDDLE,hugs,affection,baby,pet,toy,teddy bear,doll,comfort,greeting,arms,uncomfortable,love,friendship,cat,dog,child,kiss,warmth,soft,awkward
27,8,ENAMEL,teeth,material,tissue,white,dentist,coating,paint,glossy,damage,yellow,rot,strength,bite,colors,decoration,,,,,
27,13,GEM,jewelry,ruby,sapphire,ring,earring,pendant,pearl,expensive,gift,jeweler,gold,silver,stone,bracelet,engagement,wedding,stud,color,red,blue
27,23,MOUNTAIN,hill,climb,explore,scenery,snow,landscape,countryside,ice,hike,lion,goat,clouds,summit,rescue,backpack,boots,cold,rope,map,flag
27,26,PASTA,food,dried,italian,lasagne,jar,shapes,boil,sauce,cheese,dinner,warm,full,tomato,fusili,spaghetti,pan,cook,vegetables,storage,packets
27,27,PEACOCK,bird,colors,feathers,neck,estates,mansions,green,walking,blue,wings,strong,aggressive,peck,beak,groups,lawns,space,wild,feed,
27,28,PUKE,vomit,sick,illness,drinking,hangover,travel,american,eating,food,child,man,alcohol,over indulgance,sweets,junk,ailment,bag,toilet,sink,plane
28,2,BATTLE,abbey,1066,hastings,fear,normans,saxons,market,tapestry,work,conflict,war,school ground,robertsbridge,arrows,memorabilia,home,train station,poppy,castles,anglo
28,11,FOLD,paper,inward,collapse,card game,turn,count,decline,lose,improve,alter,,,,,,,,,,
28,16,HEROIN,female,celebrate,savior,story,tale,drug,harm,fear,,,,,,,,,,,,
28,17,KIDNEY,cancer,taste,ofal,yuck,beans,organs,urine,infection,dialysis,illness,pain,alcohol,back pain,,,,,,,
28,20,MAGNIFY,improve,sight,elaborate,cooperate,investigate,glasses,age,deterioration,improvement,decline,laser treatment,instrument,,,,,,,,
28,21,MONASTERY,religion,spain,catholics,priests,nuns,quietness,candles,money,abuse,power,laws,abstinence,arts,stain glass,treasures,gold,burials,solemn,stillness,visitors
28,29,RADIO,music,bbc,virgin,documentary,humor,company,companionship,sing along,top 10,sunday nights,dave lee travis,chris evans,graham norton,,,,,,,
28,32,SPANK,bottom,anger,70s,forbidden,child,whollop,hurt,harm,fear,abuse,play,sex,redness,nerves,anxiety,teachers,cane,embarrass,slipper,ruler
28,36,STOMACH,pain,weight,food,operations,digestion,fluid,pain,loss,empty,full,water,yummy,cancer,biology,flat,wobbly,fat,mummy,pregnancy,yoga
28,37,TEXTILE,fabric,sewing,parents,tailors,seamstress,family business,loom,study,sanderson,laura ashley,habidashery,thread,weight,quality,cotton,velvet,upholstery,polyester,,
29,9,FARMYARD,farm,yard,farmer,grass,green,animals,plants,crops,harvest,corn,pig,cows,chicken,dog,herding,cultivate,eat,,,
29,10,FIG,fruit,raisin,grape,mediterranean,olives,hummus,tree,eat,food,plate,snack,vegetable,eating,meal,,,,,,
29,12,FRAGMENT,piece,part,broken,ceramic,imagination,tear,break,shatter,collapse,cr,,,,,,,,,,
29,14,GROUNDHOG,ground,animal,soil,mud,mess,burrow,teeth,tongue,foot,squirrel,platypus,hedgehog,small,smell,pest,grass,tree,farmer,land,
29,22,MOSQUITO,bite,annoying,scars,malaria,sri lanka,heat,humid,pest,water,night,sting,mark,noise,dirty,red,bump,itchy,irritating,fly,
29,24,NAPKIN,nose,party,tissue,white,restaurant,eat,food,clean,tidy,cutlery,cold,spill,eat,write,pen,corner,edge,square,white,pattern
29,30,RHUBARB,rose,food,pie,color,red,pink,eat,plate,vegetable,fruit,pumpkin,seasonal,treat,picky,taste,smell,touch,feel,bump,clean
29,35,SPREAD,butter,food,nutella,wide,knife,toast,toaster,eat,food,,,,,,,,,,,
29,39,TOWER,eiffel,clock,paris,france,pretty,tall,stable,engineering,concrete,trees,skyscraper,crash,,,,,,,,
29,40,XYLOPHONE,instrument,sound,hearing,orchestra,music,difficult,notes,sheet,people,group,harmonic,pleasant,violin,guitar,cello,piano,trombone,flute,harp,triangle
30,6,DIAGRAM,drawing,chart,lines,explanation,science,math,circle,venn,medicine,body,illustration,pencil,statistics,show,explain,3d,pie chart,sketch,dna,system
30,7,DOORMAT,wipe,shy,dirt,slogan,mud,welcome,rectangle,entrance,enter,door,quiet,invisible,prickly,hay,brown,first,thick,writing,parcel,hide
30,15,GUST,wind,blow,bird,wings,breeze,weather,tornado,hurricane,flying,eye,cold,strong,flutter,uncomfortable,disruptive,debris,pokemon,scarf,float,chilly
30,18,KITCHEN,cook,prepare,boil,steam,oven,fry,roast,cut,blend,eat,mix,fridge,washing machine,pantry,microwave,hungry,thirsty,taps,washing,ice
30,19,LEASE,rent,home,flat,apartment,money,borrow,buy,sell,temporary,live,office,building,space,tenant,home,shop,expensive,control,contract,sign
30,25,OAK,tree,cedar,finish,polish,wood,table,chairs,professor,pokemon,big,expensive,shop,countertop,forest,park,conkers,knock,posh,smart,decorative
30,31,SLAUGHTER,kill,murder,meat,pig,cow,house,factory,cruel,slash,murderer,knife,slit,throat,blood,gush,red,unethical,violent,mask,butcher
30,33,SPOKESPERSON,speak,discourse,present,convey,talk,leader,event,microphone,stand,lectern,teleprompter,speech,representative,politics,language,performance,glasses,audience,anticipation,slideshow
30,34,SPRAIN,pain,bones,muscles,science,medicine,painkillers,ibuprofen,bandage,breath,hospital,crutch,hurt,accident,bend,snap,pull,,,,
30,38,TORTOISE,slow,hare,turtle,big,confused,green,shell,cute,galapagos,science,conservation,ecology,animal,weird,fables,tales,crawl,protect,winner,race
31,9,FARMYARD,animal,farmer,cow,horse,pig,ducks,chicken,turkey,hill,gate,shed,tractor,lane,bucket,straw,mouse,house,chimney,puddle,corn
31,10,FIG,olive,branch,fruit,dates,greece,warm,sunny,healthy,food,toga,gods,figment,figaro,figgidaboutit,,,,,,
31,12,FRAGMENT,piece,jigsaw,shatter,bit,shard,pieces,break,smash,divide,lost,broken,shatter,snippet,,,,,,,
31,14,GROUNDHOG,day,animal,warthog,tusks,forage,thirteenth,autumn,leaves,forage,truffles,repeat,loop,stuck,hairy,tusks,teeth,oink,forest,woods,trees
31,22,MOSQUITO,bite,insect,malaria,cheryl cole,bite,nozzle,blood,disease,net,warm,swat,pest,pestilence,plague,evil,trial,sore,itchy,sucking,africa
31,24,NAPKIN,wipe,serviette,clean,dab,mouth,lap,messy,cloth,food,face,mucky,clarity,dab,tissue,soak,towel,mop,i,,
31,30,RHUBARB,custard,plant,vegetable,garden,red,purple,sugar,taste,grown,harvest,plot,earth,mud,horticulture,farmer,gardener,leaves,,,
31,35,SPREAD,butter,legs,them,arms,bed,bed,toast,bilbo,food,party,party,margarine,yellow,crumpet,thin,out,eagle,wings,disease,gemrs
31,39,TOWER,castle,tall,princess,spikes,turret,roof,troll,drawbridge,dragon,wizard,high,prison,big,keep,fort,sauron,baradur,twin,plane,crash
31,40,XYLOPHONE,music,percussion,beaters,glockenspiel,timpani,notes,stand,conductor,school,classroom,christmas,cymbal,audience,play,chime,ding,bang,clunk,high,tuned
32,9,FARMYARD,animals,mud,poo picking,haybails,farmers,tractors,barns,pigs,cows,,,,,,,,,,,
32,10,FIG,dried,cook,tin,plant,edible,flower,fruit,flower,cook,dessert,snack,brown,purple,round,ripe,tender,syrup,fresh,tree,tree
32,12,FRAGMENT,broken,part,glass,clothing,plant,pottery,china,food,piece,broken,greenery,pots,pans,fa,,,,,,
32,14,GROUNDHOG,animal,day,rodent,usa,,,,,,,,,,,,,,,,
32,22,MOSQUITO,bites,hot country,sunscreen,bite cream,itchy,lumps,irritating,cover up,creams,infection,net,spray,swimming pool,night,holiday,sore,uncomfortable,annoying,tablets,creams
32,24,NAPKIN,table,eating,cleaning,wipe mouth,clear up mess,white,folded,under cutlery,restaurant,christmas dinner,cake,blow your nose,sick,baby,cooking,eating,dinner,lunch,clean,doggy bag
32,30,RHUBARB,custard,sweets,vegetable,fruit,smoothie,food,crumble,roasted,boiled,cream,flavor,garden,plant,cook,smells,vitamin,bone health,raw,inflammatory,tasty
32,35,SPREAD,butter,cheese,sauce,pizza,buffet,jam,honey,toast,sandwich,space,arts and crafts,space,,,,,,,,
32,39,TOWER,tall,heights,view,high,sky,stairs,lifts,big,busy,people,see for miles,can be seen for miles,building,ugly,big,skyscraper,window,door,fire exit,escalators
32,40,XYLOPHONE,music,mouth,fingers,noise,tune,concert,music lessons,band,qiour,songs,beat,singing,pantomime,,,,,,,
33,6,DIAGRAM,draw,instruction,explanation,view,detailed,informative,map,read,see,observe,charts,lines,colors,sketch,maths,school,work,factual,black,
33,7,DOORMAT,hard,shoes,foot,outside,inside,bristly,brown,home,boots,trainers,enter,leave,arrive,rough,dirty,vacuum,stand,wipe,dark,changeable
33,15,GUST,wind,blow,weather,cold,strong,forecast,blown,damage,cold,wind,fast,shelter,winter,autumn,seaside,movement,rain,stormy,push,atmosphere
33,18,KITCHEN,cupboards,work,cooking,food,family,table,people,busy,clean,messy,full,fast,cutlery,windows,sink,boards,cutting,oven,units,dishwasher
33,19,LEASE,car,borrow,fimance,return,own,term,condition,expectations,,,,,,,,,,,,
33,25,OAK,tree,leaves,big,large,huge,old,green,acorns,ground,branch,story,picture,grand,importance,history,time,comfort,wood,frames,doors
33,31,SLAUGHTER,kill,animal,nasty,vicious,cruel,murder,blood,hang,cut,knife,remove,gore,scared,food,butchers,houses,mess,abattoir,end,hard
33,33,SPOKESPERSON,speaker,parliament,mps,chair,voice,opinion,people,community,advocate,confidence,topics,strong,rally,groups,standing,microphone,loud,television,protests,talking
33,34,SPRAIN,injury,ankle,wrist,football,sports,gymnastics,exercise,pain,hospital,support,bandages,rest,recovery,time,heal,patience,stretch,jump,fast,weak
33,38,TORTOISE,animal,shell,hard,slow,race,people,children,books,lettuce,garden,wrinkly,pictures,creature,round,grass,park,zoo,,,
34,1,ALPHABET,song,vowels,constanants,letters,words,story,books,learning,nursery,teaching,blocks,soup,spaghetti,rhymes,reading,library,teacher,parents,storybook,music
34,3,CANNONBALL,gun powder,war,fighting,crime,swimming pool,splash,comedians,wet,loud,black,smoke,damage,destruction,castle,old,cannon,fired,firing,spark,bang
34,4,COUPON,voucher,discount,saving,deal,shopping,saving,money,dollars,american,supermarket,booklet,sales,stock,christmas,bargain,scan,smart,good,cheap,big
34,5,CUDDLE,hug,warm,hot,suffocating,touch,grief,love,close,arms,unwanted,smothering,friends,family,husband,wife,child,daughter,son,happy,excited
34,8,ENAMEL,paint,teeth,hard,solid,strong,long wearing,nail polish,colors,clear,tough,worn,decayed,damage,bath,chipped,white,shiny,solid,thinning,yellow
34,13,GEM,diamond,ruby,emerald,tamzanite,jewelry,ring,bracelet,pendant,expensive,cut,clarity,sapphire,money,sparkle,shine,wealth,fashion,special,gift,engagement
34,23,MOUNTAIN,climb,tall,hill,exercise,outdoors,boots,climbing,walking,clouds,grass,tress,views,steep,photos,beautiful,scenic,nature,fresh air,breezy,snow
34,26,PASTA,italy,shapes,spaghetti,sauce,bread,carbohydrate,carbonara,shells,spirals,food,lunch,dinner,tasty,filling,boiling,soft,whole wheat,bake,fresh,tomato
34,27,PEACOCK,bird,feather,bright,colorful,proud,blue,green,eyes,pattern,puff,strutting,big,scary,bite,scratch,pretty,elegant,male,tall,fast
34,28,PUKE,sick,vomit,illness,phobia,smell,disgusting,panic,exit,gag,gag,sweating,flu,hangover,nasty,phobia,bug,sickness,contagious,germs,poison
35,1,ALPHABET,letters,venacular,spelling,phonics,names,capital,lower case,constanant,verb,noun,adjective,sentence,words,language,literacy,reading,writing,books,chart,learning
35,3,CANNONBALL,cannon,war,ship,swimming,pool,dive,jump,diving board,gun powder,british,french,armada,ocean,devastation,destruction,power,force,flame,boat,drown
35,4,COUPON,voucher,cutting,collect,redemption,redeem,reuse,discount,offer,price,reduction,reduce,deal,discount,gift,free,saving,money,bill,receipt,cost
35,5,CUDDLE,hug,embrace,love,hope,comfort,warm,soft,happy,sad,friend,mother,father,relatives,touch,embrace,dream,together,one,reassure,help
35,8,ENAMEL,teeth,white,metal,glaze,protect,polish,film,front,cover,clean,erode,stain,scale,crockery,plate,bowl,bath,restore,replace,whiten
35,13,GEM,stone,precious,ice,midget,diamond,ruby,emerald,semi precious,precious,yellow,red,clarity,rare,value,price,cost,gold,ring,setting,depth
35,23,MOUNTAIN,tall,climb,high,schale,rocky,steep,gradient,snowy,peak,goat,alpine,oxygen,lake,boots,axe,mont blanc,skiing,snow,alps,skis
35,26,PASTA,italy,italian,penne,spaghetti,lasagne,sauce,carbonara,bolognese,pan,water,fork,strain,drain,roll,flour,machine,restaurant,tomato,savory,cheese
35,27,PEACOCK,bird,fancy,beautiful,blue,green,loud,squack,feathers,plume,plummage,eyes,crown,regal,resplendant,mesmerize,elegant,aloof,free,roaming,wild
35,28,PUKE,sick,vomit,spew,ill,boke,mess,clean,bleach,poorly,gross,smelly,carrots,horrible,unhealthy,bulimia,toilet,bowl,bed,water,rehydrate
36,2,BATTLE,fight,win,lose,conflict,clash,argue,combat,assault,castle,action,bombing,guns,armor,war,world war,hastings,spears,horses,struggle,blood
36,11,FOLD,napkin,paper,card,clothes,page,ironing,paper planes,,,,,,,,,,,,,
36,16,HEROIN,drugs,cocaine,weed,hero,canabis,death,overdose,needles,hiv,ecstasy,mushrooms,lsd,hospital,withdrawal,homeless,suffer,addiction,steroids,program,street
36,17,KIDNEY,stones,failure,disease,dialysis,beans,donor,infection,water,flush,pains,transplant,renal,drinking,li,,,,,,
36,20,MAGNIFY,enlarge,make big,deepen,amplify,enhance,magnifying glass,microscope,clear,expand,science,intensify,blow up,maximize,increase,burn,sunlight burn,fire,look,see,eyes
36,21,MONASTERY,monk,religious,abbey,castle,priory,boys,men,brother,prayers,robe,silence,hermit,lone,single,nun,community,vows,worship,god,abbot
36,29,RADIO,music,dj,transmit,record,wireless,waves,teleg,,,,,,,,,,,,,
36,32,SPANK,smack,erotic,slipper,belt,cane,wallop,wack,hit,clobber,cry,hide,hurt,pain,lash,punish,punch,whip,thrash,swipe,slap
36,36,STOMACH,ache,pain,full,bloated,hungry,chubby,belly button,stretch marks,hurt,rub,,,,,,,,,,
36,37,TEXTILE,clothing,cloth,fabric,fiber,cotton,yarn,linen,washing,satin,material,design,weave,tread,thread,silk,recycle,wool,polyester,nylon,bags
37,9,FARMYARD,animals,cows,sheep,horses,barn,hay,cockerel,chickens,eggs,lay,collect,farmer,wife,muck,early,tractor,fields,harvest,gather,feed
37,10,FIG,fruit,seeds,taste,pudding,dessert,breakfast,skin,peel,scoop,fruit salad,seasonal,,,,,,,,,
37,12,FRAGMENT,piece,broken,smash,tiny,broken,cut,sliver,glass,china,pottery,brush,sweep,careful,mind,,,,,,
37,14,GROUNDHOG,day,sad,repeat,boring,long,again,dark,deep,repeat,animal,long,frequent,always,daily,frequent,maybe,sometimes,,,
37,22,MOSQUITO,bite,itch,annoying,insect,buzz,night,blood,sucker,angry,kill,pain,weep,dark,swell,red,scratch,swat,net,abroad,heat
37,24,NAPKIN,table,dinner,lap,spill,clean,wipe,swan,design,setting,place,cutlery,wrap,pictures,cloth,paper,layers,fall,bib,bin,reusable
37,30,RHUBARB,grow,garden,crumble,custard,crown,sweet,sour,cut,red,leaves,sugar,pie,stalk,tasty,icecream,cream,stew,chop,eat,yummy
37,35,SPREAD,butter,knife,chocolate,jam,bread,cheese,cake mix,cream,filling,concrete,plaster,sandwich,toast,crackers,eagle,fingers,legs,,,
37,39,TOWER,high,round,princess,rapunzel,climb,stairs,bell,london,jewels,prisoner,tall,piza,leaning,famous,tourists,eiffel,blackpool,fun,dancing,ballroom
37,40,XYLOPHONE,tune,hit,bang,child,colors,colorful,metal,stick,hammer,beat,musician,music,orchestra,play,notes,tuneful,tuneless,toddler,toy,instrument
38,1,ALPHABET,greek,letters,words,order,numbers,company,google,spell,,,,,,,,,,,,
38,3,CANNONBALL,cannon,hard,heavy,weapon,attack,fort,pirates,ship,blast,boom,explode,shoot,round,dense,war,shoot,old,dangerous,scary,scary
38,4,COUPON,voucher,discount,code,money,happy,delighted,percentage,savings,good,scan,free,freebie,winner,,,,,,,
38,5,CUDDLE,hug,care,loving,embrace,intimate,warmth,love,comfort,content,happy,,,,,,,,,,
38,8,ENAMEL,tooth,decay,dentist,pain,protection,toothbrush,toothpaste,bathroom,ceramic,nerve,gum,brushing,sensitive,filling,hard,shiny,chew,brittle,wear,drill
38,13,GEM,precious,shiny,valuable,expensive,diamond,sapphire,emerald,ruby,crystal,jewelry,jewel,gemstone,opal,topaz,brilliant,,,,,
38,23,MOUNTAIN,peak,summit,climb,snow,avalanche,ice,rocks,sheer,cliff,high,clouds,dangerous,sherpa,oxygen,breathless,camping,cold,bitter,freezing,frozen
38,26,PASTA,fusilli,penne,spaghetti,linguine,italian,food,basic,garlic,onion,tomato,cream,pesto,,,,,,,,
38,27,PEACOCK,bird,beautiful,colorful,prideful,animal,avian,farm,,,,,,,,,,,,,
38,28,PUKE,sick,vomit,chunder,throw up,ill,poorly,unwell,bile,smelly,song,gip,gross,hangover,horrible,nasty,grim,unhygienic,food,alcohol,poison
39,6,DIAGRAM,axis,maths,science,data,plot,scatter,pie,line,bar,stack,simple,presentable,lecture,lesson,book,summary,analyze,,,
39,7,DOORMAT,shoes,hallway,home,clean,wipe,dirty,welcoming,hygienic,bristle,brown,,,,,,,,,,
39,15,GUST,air,wind,fresh,wet,refreshing,annoying,cold,winter,autumn,unpleasant,wind chimes,noisy,howling,mess,damage,nature,force,energy,,
39,18,KITCHEN,home,cook,food,appliances,worktop,marble,granite,laminate,mdf,units,flooring,tiling,dishwasher,stove,oven,freezer,plates,cutlery,coffee,tea
39,19,LEASE,car,finance,flat,home,rent,landlord,arrears,debt,mortgage,freehold,expense,,,,,,,,,
39,25,OAK,tree,furniture,table,brown,floor,forest,wood,nature,big,strong,beautiful,deluxe,axe,chainsaw,deforestation,sad,wildlife,,,
39,31,SLAUGHTER,animal,farm,cow,pig,lamb,scream,sadness,blood,murder,butcher,cruel,avoidable,room,sinister,evil,,,,,
39,33,SPOKESPERSON,ceo,meetings,interview,speech,audience,articulate,eloquent,charismatic,talkative,passionate,presentable,like,smart,charming,suave,smart,quick,composed,sophisticated,confident
39,34,SPRAIN,injury,pain,ice,bandage,,,,,,,,,,,,,,,,
39,38,TORTOISE,slow,small,friendly,cute,swim,walk,shell,defense,harmless,beach,sea,ocean,crawl,timid,scared,simple,round,reptile,shield,
40,2,BATTLE,war,fight,guns,swords,field,fight,army,legion,hastings,shield,armor,horses,general,soldiers,formation,siege,knights,kings,queens,castle
40,11,FOLD,paper,clothes,laundry,origami,half,quarter,protein,bend,crease,paper,,,,,,,,,,
40,16,HEROIN,drug,opioid,needle,pain,addiction,recovery,sober,addict,junkie,brown,blood,withdrawal,methadone,rehab,,,,,,
40,17,KIDNEY,organ,urine,cleanse,pie,offal,endocrine,transplant,donor,bean,,,,,,,,,,,
40,20,MAGNIFY,examine,close,big,large,small,enhance,spy,clues,zoom,glass,micro,microscopic,see,inspect,,,,,,
40,21,MONASTERY,monk,abbey,christian,catholic,nuns,church,jesus,religion,cross,crucifix,wine,stone,quiet,robes,cloister,peace,silence,cold,bare,prayer
40,29,RADIO,waves,music,talk,tune,charts,antenna,frequency,fm,am,signal,,,,,,,,,,
40,32,SPANK,hit,punishment,bottom,pain,kink,sex,whip,smack,naughty,red,hand,paddle,mark,skin,sting,slap,knee,masochist,sadist,
40,36,STOMACH,tummy,ulcer,food,eat,digest,churn,gurgle,cancer,lining,acid,rumble,cramp,pain,,,,,,,
40,37,TEXTILE,fabric,cloth,clothes,fiber,soft,woven,cotton,nylon,stitch,wear,sew,lace,mill,,,,,,,
