participant_id,start_time,completion_time,stimulus,query_c1,c1_contribution,query_c2,c2_contribution,query_comp,comp
anonymized_4811,2024-09-07 10:33:24,2024-09-07 10:37:20,戏票,“戏”对这个词的语义贡献了多少？,4,“票”对这个词的整体语义贡献了多少？,5,这个词的意思能从它的组成成分的语义上推测出来吗？,4
anonymized_4811,2024-09-07 10:33:24,2024-09-07 10:37:20,公路桥,“公路”对这个词的语义贡献了多少？,3,“桥”对这个词的整体语义贡献了多少？,4,这个词的意思能从它的组成成分的语义上推测出来吗？,4
anonymized_4811,2024-09-07 10:33:24,2024-09-07 10:37:20,证书,”证”对这个词的语义贡献了多少？,4,“书”对这个词的整体语义贡献了多少？,3,这个词的意思能从它的组成成分的语义上推测出来吗？,4
anonymized_4811,2024-09-07 10:33:24,2024-09-07 10:37:20,动力车,“动力”对这个词的语义贡献了多少？,4,“车”对这个词的整体语义贡献了多少？,3,这个词的意思能从它的组成成分的语义上推测出来吗？,4
anonymized_4811,2024-09-07 10:33:24,2024-09-07 10:37:20,租税,“租”对这个词的语义贡献了多少？,4,“税”对这个词的整体语义贡献了多少？,4,这个词的意思能从它的组成成分的语义上推测出来吗？,4
anonymized_4811,2024-09-07 10:33:24,2024-09-07 10:37:20,草书,“草”对这个词的语义贡献了多少？,3,“书”对这个词的整体语义贡献了多少？,3,这个词的意思能从它的组成成分的语义上推测出来吗？,3
anonymized_4811,2024-09-07 10:33:24,2024-09-07 10:37:20,地质矿产,“地质”对这个词的语义贡献了多少？,3,“矿产”对这个词的整体语义贡献了多少？,4,这个词的意思能从它的组成成分的语义上推测出来吗？,4
anonymized_4811,2024-09-07 10:33:24,2024-09-07 10:37:20,医学专家,“医学”对这个词的语义贡献了多少？,4,“专家”对这个词的整体语义贡献了多少？,5,这个词的意思能从它的组成成分的语义上推测出来吗？,5
anonymized_4811,2024-09-07 10:33:24,2024-09-07 10:37:20,职工队伍,“职工”对这个词的语义贡献了多少？,3,“队伍”对这个词的整体语义贡献了多少？,4,这个词的意思能从它的组成成分的语义上推测出来吗？,4
anonymized_4811,2024-09-07 10:33:24,2024-09-07 10:37:20,车手,“ 车”对这个词的语义贡献了多少？,3,“ 手”对这个词的整体语义贡献了多少？,3,这个词的意思能从它的组成成分的语义上推测出来吗？,4
anonymized_4811,2024-09-07 10:33:24,2024-09-07 10:37:20,玻璃墙,“玻璃”对这个词的语义贡献了多少？,4,“墙”对这个词的整体语义贡献了多少？,4,这个词的意思能从它的组成成分的语义上推测出来吗？,5
anonymized_4811,2024-09-07 10:33:24,2024-09-07 10:37:20,银行利息,“银行”对这个词的语义贡献了多少？,4,“利息”对这个词的整体语义贡献了多少？,5,这个词的意思能从它的组成成分的语义上推测出来吗？,5
anonymized_4811,2024-09-07 10:33:24,2024-09-07 10:37:20,人物性格,“人物”对这个词的语义贡献了多少？,4,“性格”对这个词的整体语义贡献了多少？,4,这个词的意思能从它的组成成分的语义上推测出来吗？,4
anonymized_4811,2024-09-07 10:33:24,2024-09-07 10:37:20,工作岗位,“工作”对这个词的语义贡献了多少？,4,“岗位”对这个词的整体语义贡献了多少？,3,这个词的意思能从它的组成成分的语义上推测出来吗？,4
anonymized_4811,2024-09-07 10:33:24,2024-09-07 10:37:20,盐路,“盐”对这个词的语义贡献了多少？,3,“路”对这个词的整体语义贡献了多少？,3,这个词的意思能从它的组成成分的语义上推测出来吗？,3
anonymized_4811,2024-09-07 10:33:24,2024-09-07 10:37:20,诗书,“诗”对这个词的语义贡献了多少？,4,“书”对这个词的整体语义贡献了多少？,3,这个词的意思能从它的组成成分的语义上推测出来吗？,4
anonymized_4811,2024-09-07 10:33:24,2024-09-07 10:37:20,小区业主,“小区”对这个词的语义贡献了多少？,4,“业主”对这个词的整体语义贡献了多少？,5,这个词的意思能从它的组成成分的语义上推测出来吗？,5
anonymized_4811,2024-09-07 10:33:24,2024-09-07 10:37:20,税收制度,“ 税收”对这个词的语义贡献了多少？,4,“制度”对这个词的整体语义贡献了多少？,4,这个词的意思能从它的组成成分的语义上推测出来吗？,5
anonymized_4811,2024-09-07 10:33:24,2024-09-07 10:37:20,电视栏目,“电视”对这个词的语义贡献了多少？,3,“栏目”对这个词的整体语义贡献了多少？,4,这个词的意思能从它的组成成分的语义上推测出来吗？,5
anonymized_4811,2024-09-07 10:33:24,2024-09-07 10:37:20,文化素质,“文化”对这个词的语义贡献了多少？,4,“素质”对这个词的整体语义贡献了多少？,3,这个词的意思能从它的组成成分的语义上推测出来吗？,4
anonymized_4811,2024-09-07 10:33:24,2024-09-07 10:37:20,茅草屋,“茅草”对这个词的语义贡献了多少？,4,“屋”对这个词的整体语义贡献了多少？,3,这个词的意思能从它的组成成分的语义上推测出来吗？,4
anonymized_4811,2024-09-07 10:33:24,2024-09-07 10:37:20,职工工资,“职工”对这个词的语义贡献了多少？,4,“工资”对这个词的整体语义贡献了多少？,4,这个词的意思能从它的组成成分的语义上推测出来吗？,5
anonymized_4811,2024-09-07 10:33:24,2024-09-07 10:37:20,油灯,“油”对这个词的语义贡献了多少？,3,“灯”对这个词的整体语义贡献了多少？,4,这个词的意思能从它的组成成分的语义上推测出来吗？,4
anonymized_4811,2024-09-07 10:33:24,2024-09-07 10:37:20,背景墙,“背景”对这个词的语义贡献了多少？,3,“墙”对这个词的整体语义贡献了多少？,4,这个词的意思能从它的组成成分的语义上推测出来吗？,4
anonymized_4811,2024-09-07 10:33:24,2024-09-07 10:37:20,奶油,“奶”对这个词的语义贡献了多少？,3,“油”对这个词的整体语义贡献了多少？,3,这个词的意思能从它的组成成分的语义上推测出来吗？,4
anonymized_4582,2024-09-07 13:41:36,2024-09-07 13:44:50,戏票,“戏”对这个词的语义贡献了多少？,3,“票”对这个词的整体语义贡献了多少？,3,这个词的意思能从它的组成成分的语义上推测出来吗？,3
anonymized_4582,2024-09-07 13:41:36,2024-09-07 13:44:50,公路桥,“公路”对这个词的语义贡献了多少？,3,“桥”对这个词的整体语义贡献了多少？,3,这个词的意思能从它的组成成分的语义上推测出来吗？,3
anonymized_4582,2024-09-07 13:41:36,2024-09-07 13:44:50,证书,”证”对这个词的语义贡献了多少？,3,“书”对这个词的整体语义贡献了多少？,3,这个词的意思能从它的组成成分的语义上推测出来吗？,5
anonymized_4582,2024-09-07 13:41:36,2024-09-07 13:44:50,动力车,“动力”对这个词的语义贡献了多少？,5,“车”对这个词的整体语义贡献了多少？,5,这个词的意思能从它的组成成分的语义上推测出来吗？,5
anonymized_4582,2024-09-07 13:41:36,2024-09-07 13:44:50,租税,“租”对这个词的语义贡献了多少？,2,“税”对这个词的整体语义贡献了多少？,2,这个词的意思能从它的组成成分的语义上推测出来吗？,2
anonymized_4582,2024-09-07 13:41:36,2024-09-07 13:44:50,草书,“草”对这个词的语义贡献了多少？,2,“书”对这个词的整体语义贡献了多少？,3,这个词的意思能从它的组成成分的语义上推测出来吗？,2
anonymized_4582,2024-09-07 13:41:36,2024-09-07 13:44:50,地质矿产,“地质”对这个词的语义贡献了多少？,3,“矿产”对这个词的整体语义贡献了多少？,3,这个词的意思能从它的组成成分的语义上推测出来吗？,3
anonymized_4582,2024-09-07 13:41:36,2024-09-07 13:44:50,医学专家,“医学”对这个词的语义贡献了多少？,5,“专家”对这个词的整体语义贡献了多少？,5,这个词的意思能从它的组成成分的语义上推测出来吗？,5
anonymized_4582,2024-09-07 13:41:36,2024-09-07 13:44:50,职工队伍,“职工”对这个词的语义贡献了多少？,3,“队伍”对这个词的整体语义贡献了多少？,3,这个词的意思能从它的组成成分的语义上推测出来吗？,3
anonymized_4582,2024-09-07 13:41:36,2024-09-07 13:44:50,车手,“ 车”对这个词的语义贡献了多少？,3,“ 手”对这个词的整体语义贡献了多少？,3,这个词的意思能从它的组成成分的语义上推测出来吗？,3
anonymized_4582,2024-09-07 13:41:36,2024-09-07 13:44:50,玻璃墙,“玻璃”对这个词的语义贡献了多少？,5,“墙”对这个词的整体语义贡献了多少？,5,这个词的意思能从它的组成成分的语义上推测出来吗？,3
anonymized_4582,2024-09-07 13:41:36,2024-09-07 13:44:50,银行利息,“银行”对这个词的语义贡献了多少？,3,“利息”对这个词的整体语义贡献了多少？,3,这个词的意思能从它的组成成分的语义上推测出来吗？,3
anonymized_4582,2024-09-07 13:41:36,2024-09-07 13:44:50,人物性格,“人物”对这个词的语义贡献了多少？,3,“性格”对这个词的整体语义贡献了多少？,3,这个词的意思能从它的组成成分的语义上推测出来吗？,3
anonymized_4582,2024-09-07 13:41:36,2024-09-07 13:44:50,工作岗位,“工作”对这个词的语义贡献了多少？,3,“岗位”对这个词的整体语义贡献了多少？,3,这个词的意思能从它的组成成分的语义上推测出来吗？,3
anonymized_4582,2024-09-07 13:41:36,2024-09-07 13:44:50,盐路,“盐”对这个词的语义贡献了多少？,0,“路”对这个词的整体语义贡献了多少？,0,这个词的意思能从它的组成成分的语义上推测出来吗？,0
anonymized_4582,2024-09-07 13:41:36,2024-09-07 13:44:50,诗书,“诗”对这个词的语义贡献了多少？,4,“书”对这个词的整体语义贡献了多少？,4,这个词的意思能从它的组成成分的语义上推测出来吗？,4
anonymized_4582,2024-09-07 13:41:36,2024-09-07 13:44:50,小区业主,“小区”对这个词的语义贡献了多少？,3,“业主”对这个词的整体语义贡献了多少？,3,这个词的意思能从它的组成成分的语义上推测出来吗？,3
anonymized_4582,2024-09-07 13:41:36,2024-09-07 13:44:50,税收制度,“ 税收”对这个词的语义贡献了多少？,3,“制度”对这个词的整体语义贡献了多少？,3,这个词的意思能从它的组成成分的语义上推测出来吗？,3
anonymized_4582,2024-09-07 13:41:36,2024-09-07 13:44:50,电视栏目,“电视”对这个词的语义贡献了多少？,3,“栏目”对这个词的整体语义贡献了多少？,3,这个词的意思能从它的组成成分的语义上推测出来吗？,3
anonymized_4582,2024-09-07 13:41:36,2024-09-07 13:44:50,文化素质,“文化”对这个词的语义贡献了多少？,3,“素质”对这个词的整体语义贡献了多少？,3,这个词的意思能从它的组成成分的语义上推测出来吗？,3
anonymized_4582,2024-09-07 13:41:36,2024-09-07 13:44:50,茅草屋,“茅草”对这个词的语义贡献了多少？,5,“屋”对这个词的整体语义贡献了多少？,5,这个词的意思能从它的组成成分的语义上推测出来吗？,5
anonymized_4582,2024-09-07 13:41:36,2024-09-07 13:44:50,职工工资,“职工”对这个词的语义贡献了多少？,3,“工资”对这个词的整体语义贡献了多少？,3,这个词的意思能从它的组成成分的语义上推测出来吗？,3
anonymized_4582,2024-09-07 13:41:36,2024-09-07 13:44:50,油灯,“油”对这个词的语义贡献了多少？,3,“灯”对这个词的整体语义贡献了多少？,3,这个词的意思能从它的组成成分的语义上推测出来吗？,3
anonymized_4582,2024-09-07 13:41:36,2024-09-07 13:44:50,背景墙,“背景”对这个词的语义贡献了多少？,3,“墙”对这个词的整体语义贡献了多少？,3,这个词的意思能从它的组成成分的语义上推测出来吗？,3
anonymized_4582,2024-09-07 13:41:36,2024-09-07 13:44:50,奶油,“奶”对这个词的语义贡献了多少？,3,“油”对这个词的整体语义贡献了多少？,3,这个词的意思能从它的组成成分的语义上推测出来吗？,5
anonymized_7912,2024-09-07 13:41:30,2024-09-07 13:44:59,戏票,“戏”对这个词的语义贡献了多少？,3,“票”对这个词的整体语义贡献了多少？,4,这个词的意思能从它的组成成分的语义上推测出来吗？,4
anonymized_7912,2024-09-07 13:41:30,2024-09-07 13:44:59,公路桥,“公路”对这个词的语义贡献了多少？,4,“桥”对这个词的整体语义贡献了多少？,4,这个词的意思能从它的组成成分的语义上推测出来吗？,4
anonymized_7912,2024-09-07 13:41:30,2024-09-07 13:44:59,证书,”证”对这个词的语义贡献了多少？,4,“书”对这个词的整体语义贡献了多少？,5,这个词的意思能从它的组成成分的语义上推测出来吗？,4
anonymized_7912,2024-09-07 13:41:30,2024-09-07 13:44:59,动力车,“动力”对这个词的语义贡献了多少？,4,“车”对这个词的整体语义贡献了多少？,5,这个词的意思能从它的组成成分的语义上推测出来吗？,4
anonymized_7912,2024-09-07 13:41:30,2024-09-07 13:44:59,租税,“租”对这个词的语义贡献了多少？,4,“税”对这个词的整体语义贡献了多少？,4,这个词的意思能从它的组成成分的语义上推测出来吗？,4
anonymized_7912,2024-09-07 13:41:30,2024-09-07 13:44:59,草书,“草”对这个词的语义贡献了多少？,4,“书”对这个词的整体语义贡献了多少？,4,这个词的意思能从它的组成成分的语义上推测出来吗？,5
anonymized_7912,2024-09-07 13:41:30,2024-09-07 13:44:59,地质矿产,“地质”对这个词的语义贡献了多少？,4,“矿产”对这个词的整体语义贡献了多少？,4,这个词的意思能从它的组成成分的语义上推测出来吗？,4
anonymized_7912,2024-09-07 13:41:30,2024-09-07 13:44:59,医学专家,“医学”对这个词的语义贡献了多少？,4,“专家”对这个词的整体语义贡献了多少？,4,这个词的意思能从它的组成成分的语义上推测出来吗？,4
anonymized_7912,2024-09-07 13:41:30,2024-09-07 13:44:59,职工队伍,“职工”对这个词的语义贡献了多少？,4,“队伍”对这个词的整体语义贡献了多少？,4,这个词的意思能从它的组成成分的语义上推测出来吗？,4
anonymized_7912,2024-09-07 13:41:30,2024-09-07 13:44:59,车手,“ 车”对这个词的语义贡献了多少？,4,“ 手”对这个词的整体语义贡献了多少？,4,这个词的意思能从它的组成成分的语义上推测出来吗？,4
anonymized_7912,2024-09-07 13:41:30,2024-09-07 13:44:59,玻璃墙,“玻璃”对这个词的语义贡献了多少？,4,“墙”对这个词的整体语义贡献了多少？,4,这个词的意思能从它的组成成分的语义上推测出来吗？,4
anonymized_7912,2024-09-07 13:41:30,2024-09-07 13:44:59,银行利息,“银行”对这个词的语义贡献了多少？,4,“利息”对这个词的整体语义贡献了多少？,5,这个词的意思能从它的组成成分的语义上推测出来吗？,4
anonymized_7912,2024-09-07 13:41:30,2024-09-07 13:44:59,人物性格,“人物”对这个词的语义贡献了多少？,4,“性格”对这个词的整体语义贡献了多少？,4,这个词的意思能从它的组成成分的语义上推测出来吗？,4
anonymized_7912,2024-09-07 13:41:30,2024-09-07 13:44:59,工作岗位,“工作”对这个词的语义贡献了多少？,4,“岗位”对这个词的整体语义贡献了多少？,4,这个词的意思能从它的组成成分的语义上推测出来吗？,4
anonymized_7912,2024-09-07 13:41:30,2024-09-07 13:44:59,盐路,“盐”对这个词的语义贡献了多少？,4,“路”对这个词的整体语义贡献了多少？,4,这个词的意思能从它的组成成分的语义上推测出来吗？,4
anonymized_7912,2024-09-07 13:41:30,2024-09-07 13:44:59,诗书,“诗”对这个词的语义贡献了多少？,4,“书”对这个词的整体语义贡献了多少？,4,这个词的意思能从它的组成成分的语义上推测出来吗？,4
anonymized_7912,2024-09-07 13:41:30,2024-09-07 13:44:59,小区业主,“小区”对这个词的语义贡献了多少？,4,“业主”对这个词的整体语义贡献了多少？,5,这个词的意思能从它的组成成分的语义上推测出来吗？,4
anonymized_7912,2024-09-07 13:41:30,2024-09-07 13:44:59,税收制度,“ 税收”对这个词的语义贡献了多少？,4,“制度”对这个词的整体语义贡献了多少？,5,这个词的意思能从它的组成成分的语义上推测出来吗？,4
anonymized_7912,2024-09-07 13:41:30,2024-09-07 13:44:59,电视栏目,“电视”对这个词的语义贡献了多少？,4,“栏目”对这个词的整体语义贡献了多少？,4,这个词的意思能从它的组成成分的语义上推测出来吗？,4
anonymized_7912,2024-09-07 13:41:30,2024-09-07 13:44:59,文化素质,“文化”对这个词的语义贡献了多少？,4,“素质”对这个词的整体语义贡献了多少？,4,这个词的意思能从它的组成成分的语义上推测出来吗？,4
anonymized_7912,2024-09-07 13:41:30,2024-09-07 13:44:59,茅草屋,“茅草”对这个词的语义贡献了多少？,4,“屋”对这个词的整体语义贡献了多少？,5,这个词的意思能从它的组成成分的语义上推测出来吗？,4
anonymized_7912,2024-09-07 13:41:30,2024-09-07 13:44:59,职工工资,“职工”对这个词的语义贡献了多少？,4,“工资”对这个词的整体语义贡献了多少？,4,这个词的意思能从它的组成成分的语义上推测出来吗？,4
anonymized_7912,2024-09-07 13:41:30,2024-09-07 13:44:59,油灯,“油”对这个词的语义贡献了多少？,4,“灯”对这个词的整体语义贡献了多少？,5,这个词的意思能从它的组成成分的语义上推测出来吗？,4
anonymized_7912,2024-09-07 13:41:30,2024-09-07 13:44:59,背景墙,“背景”对这个词的语义贡献了多少？,4,“墙”对这个词的整体语义贡献了多少？,5,这个词的意思能从它的组成成分的语义上推测出来吗？,4
anonymized_7912,2024-09-07 13:41:30,2024-09-07 13:44:59,奶油,“奶”对这个词的语义贡献了多少？,4,“油”对这个词的整体语义贡献了多少？,3,这个词的意思能从它的组成成分的语义上推测出来吗？,4
anonymized_1434,2024-09-07 13:40:59,2024-09-07 13:45:28,戏票,“戏”对这个词的语义贡献了多少？,3,“票”对这个词的整体语义贡献了多少？,2,这个词的意思能从它的组成成分的语义上推测出来吗？,2
anonymized_1434,2024-09-07 13:40:59,2024-09-07 13:45:28,公路桥,“公路”对这个词的语义贡献了多少？,3,“桥”对这个词的整体语义贡献了多少？,3,这个词的意思能从它的组成成分的语义上推测出来吗？,2
anonymized_1434,2024-09-07 13:40:59,2024-09-07 13:45:28,证书,”证”对这个词的语义贡献了多少？,3,“书”对这个词的整体语义贡献了多少？,2,这个词的意思能从它的组成成分的语义上推测出来吗？,2
anonymized_1434,2024-09-07 13:40:59,2024-09-07 13:45:28,动力车,“动力”对这个词的语义贡献了多少？,4,“车”对这个词的整体语义贡献了多少？,4,这个词的意思能从它的组成成分的语义上推测出来吗？,3
anonymized_1434,2024-09-07 13:40:59,2024-09-07 13:45:28,租税,“租”对这个词的语义贡献了多少？,3,“税”对这个词的整体语义贡献了多少？,3,这个词的意思能从它的组成成分的语义上推测出来吗？,2
anonymized_1434,2024-09-07 13:40:59,2024-09-07 13:45:28,草书,“草”对这个词的语义贡献了多少？,3,“书”对这个词的整体语义贡献了多少？,2,这个词的意思能从它的组成成分的语义上推测出来吗？,3
anonymized_1434,2024-09-07 13:40:59,2024-09-07 13:45:28,地质矿产,“地质”对这个词的语义贡献了多少？,3,“矿产”对这个词的整体语义贡献了多少？,2,这个词的意思能从它的组成成分的语义上推测出来吗？,2
anonymized_1434,2024-09-07 13:40:59,2024-09-07 13:45:28,医学专家,“医学”对这个词的语义贡献了多少？,3,“专家”对这个词的整体语义贡献了多少？,3,这个词的意思能从它的组成成分的语义上推测出来吗？,2
anonymized_1434,2024-09-07 13:40:59,2024-09-07 13:45:28,职工队伍,“职工”对这个词的语义贡献了多少？,4,“队伍”对这个词的整体语义贡献了多少？,3,这个词的意思能从它的组成成分的语义上推测出来吗？,3
anonymized_1434,2024-09-07 13:40:59,2024-09-07 13:45:28,车手,“ 车”对这个词的语义贡献了多少？,2,“ 手”对这个词的整体语义贡献了多少？,2,这个词的意思能从它的组成成分的语义上推测出来吗？,2
anonymized_1434,2024-09-07 13:40:59,2024-09-07 13:45:28,玻璃墙,“玻璃”对这个词的语义贡献了多少？,3,“墙”对这个词的整体语义贡献了多少？,3,这个词的意思能从它的组成成分的语义上推测出来吗？,2
anonymized_1434,2024-09-07 13:40:59,2024-09-07 13:45:28,银行利息,“银行”对这个词的语义贡献了多少？,4,“利息”对这个词的整体语义贡献了多少？,4,这个词的意思能从它的组成成分的语义上推测出来吗？,3
anonymized_1434,2024-09-07 13:40:59,2024-09-07 13:45:28,人物性格,“人物”对这个词的语义贡献了多少？,3,“性格”对这个词的整体语义贡献了多少？,3,这个词的意思能从它的组成成分的语义上推测出来吗？,3
anonymized_1434,2024-09-07 13:40:59,2024-09-07 13:45:28,工作岗位,“工作”对这个词的语义贡献了多少？,4,“岗位”对这个词的整体语义贡献了多少？,4,这个词的意思能从它的组成成分的语义上推测出来吗？,3
anonymized_1434,2024-09-07 13:40:59,2024-09-07 13:45:28,盐路,“盐”对这个词的语义贡献了多少？,3,“路”对这个词的整体语义贡献了多少？,3,这个词的意思能从它的组成成分的语义上推测出来吗？,2
anonymized_1434,2024-09-07 13:40:59,2024-09-07 13:45:28,诗书,“诗”对这个词的语义贡献了多少？,3,“书”对这个词的整体语义贡献了多少？,2,这个词的意思能从它的组成成分的语义上推测出来吗？,2
anonymized_1434,2024-09-07 13:40:59,2024-09-07 13:45:28,小区业主,“小区”对这个词的语义贡献了多少？,4,“业主”对这个词的整体语义贡献了多少？,3,这个词的意思能从它的组成成分的语义上推测出来吗？,3
anonymized_1434,2024-09-07 13:40:59,2024-09-07 13:45:28,税收制度,“ 税收”对这个词的语义贡献了多少？,3,“制度”对这个词的整体语义贡献了多少？,2,这个词的意思能从它的组成成分的语义上推测出来吗？,3
anonymized_1434,2024-09-07 13:40:59,2024-09-07 13:45:28,电视栏目,“电视”对这个词的语义贡献了多少？,3,“栏目”对这个词的整体语义贡献了多少？,2,这个词的意思能从它的组成成分的语义上推测出来吗？,3
anonymized_1434,2024-09-07 13:40:59,2024-09-07 13:45:28,文化素质,“文化”对这个词的语义贡献了多少？,2,“素质”对这个词的整体语义贡献了多少？,2,这个词的意思能从它的组成成分的语义上推测出来吗？,2
anonymized_1434,2024-09-07 13:40:59,2024-09-07 13:45:28,茅草屋,“茅草”对这个词的语义贡献了多少？,3,“屋”对这个词的整体语义贡献了多少？,2,这个词的意思能从它的组成成分的语义上推测出来吗？,2
anonymized_1434,2024-09-07 13:40:59,2024-09-07 13:45:28,职工工资,“职工”对这个词的语义贡献了多少？,4,“工资”对这个词的整体语义贡献了多少？,3,这个词的意思能从它的组成成分的语义上推测出来吗？,3
anonymized_1434,2024-09-07 13:40:59,2024-09-07 13:45:28,油灯,“油”对这个词的语义贡献了多少？,3,“灯”对这个词的整体语义贡献了多少？,4,这个词的意思能从它的组成成分的语义上推测出来吗？,2
anonymized_1434,2024-09-07 13:40:59,2024-09-07 13:45:28,背景墙,“背景”对这个词的语义贡献了多少？,4,“墙”对这个词的整体语义贡献了多少？,4,这个词的意思能从它的组成成分的语义上推测出来吗？,3
anonymized_1434,2024-09-07 13:40:59,2024-09-07 13:45:28,奶油,“奶”对这个词的语义贡献了多少？,3,“油”对这个词的整体语义贡献了多少？,3,这个词的意思能从它的组成成分的语义上推测出来吗？,2
anonymized_2679,2024-09-07 13:41:15,2024-09-07 13:45:29,戏票,“戏”对这个词的语义贡献了多少？,4,“票”对这个词的整体语义贡献了多少？,5,这个词的意思能从它的组成成分的语义上推测出来吗？,5
anonymized_2679,2024-09-07 13:41:15,2024-09-07 13:45:29,公路桥,“公路”对这个词的语义贡献了多少？,4,“桥”对这个词的整体语义贡献了多少？,5,这个词的意思能从它的组成成分的语义上推测出来吗？,5
anonymized_2679,2024-09-07 13:41:15,2024-09-07 13:45:29,证书,”证”对这个词的语义贡献了多少？,5,“书”对这个词的整体语义贡献了多少？,5,这个词的意思能从它的组成成分的语义上推测出来吗？,5
anonymized_2679,2024-09-07 13:41:15,2024-09-07 13:45:29,动力车,“动力”对这个词的语义贡献了多少？,4,“车”对这个词的整体语义贡献了多少？,5,这个词的意思能从它的组成成分的语义上推测出来吗？,5
anonymized_2679,2024-09-07 13:41:15,2024-09-07 13:45:29,租税,“租”对这个词的语义贡献了多少？,4,“税”对这个词的整体语义贡献了多少？,5,这个词的意思能从它的组成成分的语义上推测出来吗？,5
anonymized_2679,2024-09-07 13:41:15,2024-09-07 13:45:29,草书,“草”对这个词的语义贡献了多少？,4,“书”对这个词的整体语义贡献了多少？,5,这个词的意思能从它的组成成分的语义上推测出来吗？,5
anonymized_2679,2024-09-07 13:41:15,2024-09-07 13:45:29,地质矿产,“地质”对这个词的语义贡献了多少？,4,“矿产”对这个词的整体语义贡献了多少？,5,这个词的意思能从它的组成成分的语义上推测出来吗？,5
anonymized_2679,2024-09-07 13:41:15,2024-09-07 13:45:29,医学专家,“医学”对这个词的语义贡献了多少？,4,“专家”对这个词的整体语义贡献了多少？,5,这个词的意思能从它的组成成分的语义上推测出来吗？,5
anonymized_2679,2024-09-07 13:41:15,2024-09-07 13:45:29,职工队伍,“职工”对这个词的语义贡献了多少？,4,“队伍”对这个词的整体语义贡献了多少？,5,这个词的意思能从它的组成成分的语义上推测出来吗？,5
anonymized_2679,2024-09-07 13:41:15,2024-09-07 13:45:29,车手,“ 车”对这个词的语义贡献了多少？,4,“ 手”对这个词的整体语义贡献了多少？,5,这个词的意思能从它的组成成分的语义上推测出来吗？,5
anonymized_2679,2024-09-07 13:41:15,2024-09-07 13:45:29,玻璃墙,“玻璃”对这个词的语义贡献了多少？,4,“墙”对这个词的整体语义贡献了多少？,5,这个词的意思能从它的组成成分的语义上推测出来吗？,5
anonymized_2679,2024-09-07 13:41:15,2024-09-07 13:45:29,银行利息,“银行”对这个词的语义贡献了多少？,4,“利息”对这个词的整体语义贡献了多少？,5,这个词的意思能从它的组成成分的语义上推测出来吗？,5
anonymized_2679,2024-09-07 13:41:15,2024-09-07 13:45:29,人物性格,“人物”对这个词的语义贡献了多少？,4,“性格”对这个词的整体语义贡献了多少？,5,这个词的意思能从它的组成成分的语义上推测出来吗？,5
anonymized_2679,2024-09-07 13:41:15,2024-09-07 13:45:29,工作岗位,“工作”对这个词的语义贡献了多少？,4,“岗位”对这个词的整体语义贡献了多少？,5,这个词的意思能从它的组成成分的语义上推测出来吗？,5
anonymized_2679,2024-09-07 13:41:15,2024-09-07 13:45:29,盐路,“盐”对这个词的语义贡献了多少？,4,“路”对这个词的整体语义贡献了多少？,5,这个词的意思能从它的组成成分的语义上推测出来吗？,5
anonymized_2679,2024-09-07 13:41:15,2024-09-07 13:45:29,诗书,“诗”对这个词的语义贡献了多少？,5,“书”对这个词的整体语义贡献了多少？,5,这个词的意思能从它的组成成分的语义上推测出来吗？,3
anonymized_2679,2024-09-07 13:41:15,2024-09-07 13:45:29,小区业主,“小区”对这个词的语义贡献了多少？,4,“业主”对这个词的整体语义贡献了多少？,5,这个词的意思能从它的组成成分的语义上推测出来吗？,5
anonymized_2679,2024-09-07 13:41:15,2024-09-07 13:45:29,税收制度,“ 税收”对这个词的语义贡献了多少？,4,“制度”对这个词的整体语义贡献了多少？,5,这个词的意思能从它的组成成分的语义上推测出来吗？,5
anonymized_2679,2024-09-07 13:41:15,2024-09-07 13:45:29,电视栏目,“电视”对这个词的语义贡献了多少？,4,“栏目”对这个词的整体语义贡献了多少？,5,这个词的意思能从它的组成成分的语义上推测出来吗？,5
anonymized_2679,2024-09-07 13:41:15,2024-09-07 13:45:29,文化素质,“文化”对这个词的语义贡献了多少？,4,“素质”对这个词的整体语义贡献了多少？,5,这个词的意思能从它的组成成分的语义上推测出来吗？,5
anonymized_2679,2024-09-07 13:41:15,2024-09-07 13:45:29,茅草屋,“茅草”对这个词的语义贡献了多少？,4,“屋”对这个词的整体语义贡献了多少？,5,这个词的意思能从它的组成成分的语义上推测出来吗？,5
anonymized_2679,2024-09-07 13:41:15,2024-09-07 13:45:29,职工工资,“职工”对这个词的语义贡献了多少？,4,“工资”对这个词的整体语义贡献了多少？,5,这个词的意思能从它的组成成分的语义上推测出来吗？,5
anonymized_2679,2024-09-07 13:41:15,2024-09-07 13:45:29,油灯,“油”对这个词的语义贡献了多少？,4,“灯”对这个词的整体语义贡献了多少？,5,这个词的意思能从它的组成成分的语义上推测出来吗？,5
anonymized_2679,2024-09-07 13:41:15,2024-09-07 13:45:29,背景墙,“背景”对这个词的语义贡献了多少？,4,“墙”对这个词的整体语义贡献了多少？,5,这个词的意思能从它的组成成分的语义上推测出来吗？,5
anonymized_2679,2024-09-07 13:41:15,2024-09-07 13:45:29,奶油,“奶”对这个词的语义贡献了多少？,4,“油”对这个词的整体语义贡献了多少？,5,这个词的意思能从它的组成成分的语义上推测出来吗？,5
anonymized_3286,2024-09-07 14:02:20,2024-09-07 14:11:15,戏票,“戏”对这个词的语义贡献了多少？,4,“票”对这个词的整体语义贡献了多少？,5,这个词的意思能从它的组成成分的语义上推测出来吗？,5
anonymized_3286,2024-09-07 14:02:20,2024-09-07 14:11:15,公路桥,“公路”对这个词的语义贡献了多少？,5,“桥”对这个词的整体语义贡献了多少？,5,这个词的意思能从它的组成成分的语义上推测出来吗？,5
anonymized_3286,2024-09-07 14:02:20,2024-09-07 14:11:15,证书,”证”对这个词的语义贡献了多少？,5,“书”对这个词的整体语义贡献了多少？,4,这个词的意思能从它的组成成分的语义上推测出来吗？,5
anonymized_3286,2024-09-07 14:02:20,2024-09-07 14:11:15,动力车,“动力”对这个词的语义贡献了多少？,5,“车”对这个词的整体语义贡献了多少？,5,这个词的意思能从它的组成成分的语义上推测出来吗？,5
anonymized_3286,2024-09-07 14:02:20,2024-09-07 14:11:15,租税,“租”对这个词的语义贡献了多少？,5,“税”对这个词的整体语义贡献了多少？,5,这个词的意思能从它的组成成分的语义上推测出来吗？,5
anonymized_3286,2024-09-07 14:02:20,2024-09-07 14:11:15,草书,“草”对这个词的语义贡献了多少？,4,“书”对这个词的整体语义贡献了多少？,4,这个词的意思能从它的组成成分的语义上推测出来吗？,2
anonymized_3286,2024-09-07 14:02:20,2024-09-07 14:11:15,地质矿产,“地质”对这个词的语义贡献了多少？,4,“矿产”对这个词的整体语义贡献了多少？,5,这个词的意思能从它的组成成分的语义上推测出来吗？,5
anonymized_3286,2024-09-07 14:02:20,2024-09-07 14:11:15,医学专家,“医学”对这个词的语义贡献了多少？,5,“专家”对这个词的整体语义贡献了多少？,5,这个词的意思能从它的组成成分的语义上推测出来吗？,5
anonymized_3286,2024-09-07 14:02:20,2024-09-07 14:11:15,职工队伍,“职工”对这个词的语义贡献了多少？,5,“队伍”对这个词的整体语义贡献了多少？,5,这个词的意思能从它的组成成分的语义上推测出来吗？,5
anonymized_3286,2024-09-07 14:02:20,2024-09-07 14:11:15,车手,“ 车”对这个词的语义贡献了多少？,5,“ 手”对这个词的整体语义贡献了多少？,4,这个词的意思能从它的组成成分的语义上推测出来吗？,1
anonymized_3286,2024-09-07 14:02:20,2024-09-07 14:11:15,玻璃墙,“玻璃”对这个词的语义贡献了多少？,5,“墙”对这个词的整体语义贡献了多少？,5,这个词的意思能从它的组成成分的语义上推测出来吗？,5
anonymized_3286,2024-09-07 14:02:20,2024-09-07 14:11:15,银行利息,“银行”对这个词的语义贡献了多少？,3,“利息”对这个词的整体语义贡献了多少？,5,这个词的意思能从它的组成成分的语义上推测出来吗？,5
anonymized_3286,2024-09-07 14:02:20,2024-09-07 14:11:15,人物性格,“人物”对这个词的语义贡献了多少？,3,“性格”对这个词的整体语义贡献了多少？,5,这个词的意思能从它的组成成分的语义上推测出来吗？,5
anonymized_3286,2024-09-07 14:02:20,2024-09-07 14:11:15,工作岗位,“工作”对这个词的语义贡献了多少？,1,“岗位”对这个词的整体语义贡献了多少？,5,这个词的意思能从它的组成成分的语义上推测出来吗？,5
anonymized_3286,2024-09-07 14:02:20,2024-09-07 14:11:15,盐路,“盐”对这个词的语义贡献了多少？,4,“路”对这个词的整体语义贡献了多少？,5,这个词的意思能从它的组成成分的语义上推测出来吗？,4
anonymized_3286,2024-09-07 14:02:20,2024-09-07 14:11:15,诗书,“诗”对这个词的语义贡献了多少？,5,“书”对这个词的整体语义贡献了多少？,5,这个词的意思能从它的组成成分的语义上推测出来吗？,5
anonymized_3286,2024-09-07 14:02:20,2024-09-07 14:11:15,小区业主,“小区”对这个词的语义贡献了多少？,1,“业主”对这个词的整体语义贡献了多少？,5,这个词的意思能从它的组成成分的语义上推测出来吗？,5
anonymized_3286,2024-09-07 14:02:20,2024-09-07 14:11:15,税收制度,“ 税收”对这个词的语义贡献了多少？,5,“制度”对这个词的整体语义贡献了多少？,5,这个词的意思能从它的组成成分的语义上推测出来吗？,5
anonymized_3286,2024-09-07 14:02:20,2024-09-07 14:11:15,电视栏目,“电视”对这个词的语义贡献了多少？,4,“栏目”对这个词的整体语义贡献了多少？,5,这个词的意思能从它的组成成分的语义上推测出来吗？,5
anonymized_3286,2024-09-07 14:02:20,2024-09-07 14:11:15,文化素质,“文化”对这个词的语义贡献了多少？,5,“素质”对这个词的整体语义贡献了多少？,5,这个词的意思能从它的组成成分的语义上推测出来吗？,5
anonymized_3286,2024-09-07 14:02:20,2024-09-07 14:11:15,茅草屋,“茅草”对这个词的语义贡献了多少？,5,“屋”对这个词的整体语义贡献了多少？,5,这个词的意思能从它的组成成分的语义上推测出来吗？,5
anonymized_3286,2024-09-07 14:02:20,2024-09-07 14:11:15,职工工资,“职工”对这个词的语义贡献了多少？,1,“工资”对这个词的整体语义贡献了多少？,5,这个词的意思能从它的组成成分的语义上推测出来吗？,5
anonymized_3286,2024-09-07 14:02:20,2024-09-07 14:11:15,油灯,“油”对这个词的语义贡献了多少？,5,“灯”对这个词的整体语义贡献了多少？,5,这个词的意思能从它的组成成分的语义上推测出来吗？,5
anonymized_3286,2024-09-07 14:02:20,2024-09-07 14:11:15,背景墙,“背景”对这个词的语义贡献了多少？,5,“墙”对这个词的整体语义贡献了多少？,5,这个词的意思能从它的组成成分的语义上推测出来吗？,5
anonymized_3286,2024-09-07 14:02:20,2024-09-07 14:11:15,奶油,“奶”对这个词的语义贡献了多少？,5,“油”对这个词的整体语义贡献了多少？,5,这个词的意思能从它的组成成分的语义上推测出来吗？,5
anonymized_5012,2024-09-07 14:19:39,2024-09-07 14:30:23,戏票,“戏”对这个词的语义贡献了多少？,5,“票”对这个词的整体语义贡献了多少？,5,这个词的意思能从它的组成成分的语义上推测出来吗？,5
anonymized_5012,2024-09-07 14:19:39,2024-09-07 14:30:23,公路桥,“公路”对这个词的语义贡献了多少？,5,“桥”对这个词的整体语义贡献了多少？,5,这个词的意思能从它的组成成分的语义上推测出来吗？,5
anonymized_5012,2024-09-07 14:19:39,2024-09-07 14:30:23,证书,”证”对这个词的语义贡献了多少？,5,“书”对这个词的整体语义贡献了多少？,5,这个词的意思能从它的组成成分的语义上推测出来吗？,4
anonymized_5012,2024-09-07 14:19:39,2024-09-07 14:30:23,动力车,“动力”对这个词的语义贡献了多少？,5,“车”对这个词的整体语义贡献了多少？,5,这个词的意思能从它的组成成分的语义上推测出来吗？,5
anonymized_5012,2024-09-07 14:19:39,2024-09-07 14:30:23,租税,“租”对这个词的语义贡献了多少？,5,“税”对这个词的整体语义贡献了多少？,5,这个词的意思能从它的组成成分的语义上推测出来吗？,5
anonymized_5012,2024-09-07 14:19:39,2024-09-07 14:30:23,草书,“草”对这个词的语义贡献了多少？,5,“书”对这个词的整体语义贡献了多少？,5,这个词的意思能从它的组成成分的语义上推测出来吗？,5
anonymized_5012,2024-09-07 14:19:39,2024-09-07 14:30:23,地质矿产,“地质”对这个词的语义贡献了多少？,5,“矿产”对这个词的整体语义贡献了多少？,5,这个词的意思能从它的组成成分的语义上推测出来吗？,5
anonymized_5012,2024-09-07 14:19:39,2024-09-07 14:30:23,医学专家,“医学”对这个词的语义贡献了多少？,5,“专家”对这个词的整体语义贡献了多少？,5,这个词的意思能从它的组成成分的语义上推测出来吗？,5
anonymized_5012,2024-09-07 14:19:39,2024-09-07 14:30:23,职工队伍,“职工”对这个词的语义贡献了多少？,5,“队伍”对这个词的整体语义贡献了多少？,5,这个词的意思能从它的组成成分的语义上推测出来吗？,5
anonymized_5012,2024-09-07 14:19:39,2024-09-07 14:30:23,车手,“ 车”对这个词的语义贡献了多少？,3,“ 手”对这个词的整体语义贡献了多少？,4,这个词的意思能从它的组成成分的语义上推测出来吗？,0
anonymized_5012,2024-09-07 14:19:39,2024-09-07 14:30:23,玻璃墙,“玻璃”对这个词的语义贡献了多少？,5,“墙”对这个词的整体语义贡献了多少？,5,这个词的意思能从它的组成成分的语义上推测出来吗？,5
anonymized_5012,2024-09-07 14:19:39,2024-09-07 14:30:23,银行利息,“银行”对这个词的语义贡献了多少？,5,“利息”对这个词的整体语义贡献了多少？,5,这个词的意思能从它的组成成分的语义上推测出来吗？,5
anonymized_5012,2024-09-07 14:19:39,2024-09-07 14:30:23,人物性格,“人物”对这个词的语义贡献了多少？,5,“性格”对这个词的整体语义贡献了多少？,5,这个词的意思能从它的组成成分的语义上推测出来吗？,5
anonymized_5012,2024-09-07 14:19:39,2024-09-07 14:30:23,工作岗位,“工作”对这个词的语义贡献了多少？,5,“岗位”对这个词的整体语义贡献了多少？,5,这个词的意思能从它的组成成分的语义上推测出来吗？,5
anonymized_5012,2024-09-07 14:19:39,2024-09-07 14:30:23,盐路,“盐”对这个词的语义贡献了多少？,5,“路”对这个词的整体语义贡献了多少？,5,这个词的意思能从它的组成成分的语义上推测出来吗？,3
anonymized_5012,2024-09-07 14:19:39,2024-09-07 14:30:23,诗书,“诗”对这个词的语义贡献了多少？,5,“书”对这个词的整体语义贡献了多少？,5,这个词的意思能从它的组成成分的语义上推测出来吗？,3
anonymized_5012,2024-09-07 14:19:39,2024-09-07 14:30:23,小区业主,“小区”对这个词的语义贡献了多少？,5,“业主”对这个词的整体语义贡献了多少？,5,这个词的意思能从它的组成成分的语义上推测出来吗？,5
anonymized_5012,2024-09-07 14:19:39,2024-09-07 14:30:23,税收制度,“ 税收”对这个词的语义贡献了多少？,5,“制度”对这个词的整体语义贡献了多少？,5,这个词的意思能从它的组成成分的语义上推测出来吗？,5
anonymized_5012,2024-09-07 14:19:39,2024-09-07 14:30:23,电视栏目,“电视”对这个词的语义贡献了多少？,5,“栏目”对这个词的整体语义贡献了多少？,5,这个词的意思能从它的组成成分的语义上推测出来吗？,5
anonymized_5012,2024-09-07 14:19:39,2024-09-07 14:30:23,文化素质,“文化”对这个词的语义贡献了多少？,5,“素质”对这个词的整体语义贡献了多少？,5,这个词的意思能从它的组成成分的语义上推测出来吗？,5
anonymized_5012,2024-09-07 14:19:39,2024-09-07 14:30:23,茅草屋,“茅草”对这个词的语义贡献了多少？,5,“屋”对这个词的整体语义贡献了多少？,5,这个词的意思能从它的组成成分的语义上推测出来吗？,5
anonymized_5012,2024-09-07 14:19:39,2024-09-07 14:30:23,职工工资,“职工”对这个词的语义贡献了多少？,5,“工资”对这个词的整体语义贡献了多少？,5,这个词的意思能从它的组成成分的语义上推测出来吗？,5
anonymized_5012,2024-09-07 14:19:39,2024-09-07 14:30:23,油灯,“油”对这个词的语义贡献了多少？,5,“灯”对这个词的整体语义贡献了多少？,5,这个词的意思能从它的组成成分的语义上推测出来吗？,5
anonymized_5012,2024-09-07 14:19:39,2024-09-07 14:30:23,背景墙,“背景”对这个词的语义贡献了多少？,5,“墙”对这个词的整体语义贡献了多少？,5,这个词的意思能从它的组成成分的语义上推测出来吗？,5
anonymized_5012,2024-09-07 14:19:39,2024-09-07 14:30:23,奶油,“奶”对这个词的语义贡献了多少？,5,“油”对这个词的整体语义贡献了多少？,5,这个词的意思能从它的组成成分的语义上推测出来吗？,5
anonymized_2535,2024-09-07 14:52:30,2024-09-07 14:55:43,戏票,“戏”对这个词的语义贡献了多少？,5,“票”对这个词的整体语义贡献了多少？,5,这个词的意思能从它的组成成分的语义上推测出来吗？,5
anonymized_2535,2024-09-07 14:52:30,2024-09-07 14:55:43,公路桥,“公路”对这个词的语义贡献了多少？,5,“桥”对这个词的整体语义贡献了多少？,5,这个词的意思能从它的组成成分的语义上推测出来吗？,5
anonymized_2535,2024-09-07 14:52:30,2024-09-07 14:55:43,证书,”证”对这个词的语义贡献了多少？,5,“书”对这个词的整体语义贡献了多少？,5,这个词的意思能从它的组成成分的语义上推测出来吗？,5
anonymized_2535,2024-09-07 14:52:30,2024-09-07 14:55:43,动力车,“动力”对这个词的语义贡献了多少？,5,“车”对这个词的整体语义贡献了多少？,5,这个词的意思能从它的组成成分的语义上推测出来吗？,5
anonymized_2535,2024-09-07 14:52:30,2024-09-07 14:55:43,租税,“租”对这个词的语义贡献了多少？,5,“税”对这个词的整体语义贡献了多少？,5,这个词的意思能从它的组成成分的语义上推测出来吗？,5
anonymized_2535,2024-09-07 14:52:30,2024-09-07 14:55:43,草书,“草”对这个词的语义贡献了多少？,5,“书”对这个词的整体语义贡献了多少？,5,这个词的意思能从它的组成成分的语义上推测出来吗？,5
anonymized_2535,2024-09-07 14:52:30,2024-09-07 14:55:43,地质矿产,“地质”对这个词的语义贡献了多少？,5,“矿产”对这个词的整体语义贡献了多少？,5,这个词的意思能从它的组成成分的语义上推测出来吗？,5
anonymized_2535,2024-09-07 14:52:30,2024-09-07 14:55:43,医学专家,“医学”对这个词的语义贡献了多少？,5,“专家”对这个词的整体语义贡献了多少？,5,这个词的意思能从它的组成成分的语义上推测出来吗？,5
anonymized_2535,2024-09-07 14:52:30,2024-09-07 14:55:43,职工队伍,“职工”对这个词的语义贡献了多少？,5,“队伍”对这个词的整体语义贡献了多少？,5,这个词的意思能从它的组成成分的语义上推测出来吗？,5
anonymized_2535,2024-09-07 14:52:30,2024-09-07 14:55:43,车手,“ 车”对这个词的语义贡献了多少？,5,“ 手”对这个词的整体语义贡献了多少？,5,这个词的意思能从它的组成成分的语义上推测出来吗？,5
anonymized_2535,2024-09-07 14:52:30,2024-09-07 14:55:43,玻璃墙,“玻璃”对这个词的语义贡献了多少？,5,“墙”对这个词的整体语义贡献了多少？,5,这个词的意思能从它的组成成分的语义上推测出来吗？,5
anonymized_2535,2024-09-07 14:52:30,2024-09-07 14:55:43,银行利息,“银行”对这个词的语义贡献了多少？,5,“利息”对这个词的整体语义贡献了多少？,5,这个词的意思能从它的组成成分的语义上推测出来吗？,5
anonymized_2535,2024-09-07 14:52:30,2024-09-07 14:55:43,人物性格,“人物”对这个词的语义贡献了多少？,5,“性格”对这个词的整体语义贡献了多少？,5,这个词的意思能从它的组成成分的语义上推测出来吗？,5
anonymized_2535,2024-09-07 14:52:30,2024-09-07 14:55:43,工作岗位,“工作”对这个词的语义贡献了多少？,5,“岗位”对这个词的整体语义贡献了多少？,5,这个词的意思能从它的组成成分的语义上推测出来吗？,5
anonymized_2535,2024-09-07 14:52:30,2024-09-07 14:55:43,盐路,“盐”对这个词的语义贡献了多少？,5,“路”对这个词的整体语义贡献了多少？,5,这个词的意思能从它的组成成分的语义上推测出来吗？,5
anonymized_2535,2024-09-07 14:52:30,2024-09-07 14:55:43,诗书,“诗”对这个词的语义贡献了多少？,5,“书”对这个词的整体语义贡献了多少？,5,这个词的意思能从它的组成成分的语义上推测出来吗？,5
anonymized_2535,2024-09-07 14:52:30,2024-09-07 14:55:43,小区业主,“小区”对这个词的语义贡献了多少？,5,“业主”对这个词的整体语义贡献了多少？,5,这个词的意思能从它的组成成分的语义上推测出来吗？,5
anonymized_2535,2024-09-07 14:52:30,2024-09-07 14:55:43,税收制度,“ 税收”对这个词的语义贡献了多少？,5,“制度”对这个词的整体语义贡献了多少？,5,这个词的意思能从它的组成成分的语义上推测出来吗？,5
anonymized_2535,2024-09-07 14:52:30,2024-09-07 14:55:43,电视栏目,“电视”对这个词的语义贡献了多少？,5,“栏目”对这个词的整体语义贡献了多少？,5,这个词的意思能从它的组成成分的语义上推测出来吗？,5
anonymized_2535,2024-09-07 14:52:30,2024-09-07 14:55:43,文化素质,“文化”对这个词的语义贡献了多少？,5,“素质”对这个词的整体语义贡献了多少？,5,这个词的意思能从它的组成成分的语义上推测出来吗？,5
anonymized_2535,2024-09-07 14:52:30,2024-09-07 14:55:43,茅草屋,“茅草”对这个词的语义贡献了多少？,5,“屋”对这个词的整体语义贡献了多少？,5,这个词的意思能从它的组成成分的语义上推测出来吗？,5
anonymized_2535,2024-09-07 14:52:30,2024-09-07 14:55:43,职工工资,“职工”对这个词的语义贡献了多少？,5,“工资”对这个词的整体语义贡献了多少？,5,这个词的意思能从它的组成成分的语义上推测出来吗？,5
anonymized_2535,2024-09-07 14:52:30,2024-09-07 14:55:43,油灯,“油”对这个词的语义贡献了多少？,5,“灯”对这个词的整体语义贡献了多少？,5,这个词的意思能从它的组成成分的语义上推测出来吗？,5
anonymized_2535,2024-09-07 14:52:30,2024-09-07 14:55:43,背景墙,“背景”对这个词的语义贡献了多少？,5,“墙”对这个词的整体语义贡献了多少？,5,这个词的意思能从它的组成成分的语义上推测出来吗？,5
anonymized_2535,2024-09-07 14:52:30,2024-09-07 14:55:43,奶油,“奶”对这个词的语义贡献了多少？,5,“油”对这个词的整体语义贡献了多少？,5,这个词的意思能从它的组成成分的语义上推测出来吗？,3
anonymized_9935,2024-09-07 20:47:58,2024-09-07 20:53:30,戏票,“戏”对这个词的语义贡献了多少？,5,“票”对这个词的整体语义贡献了多少？,5,这个词的意思能从它的组成成分的语义上推测出来吗？,5
anonymized_9935,2024-09-07 20:47:58,2024-09-07 20:53:30,公路桥,“公路”对这个词的语义贡献了多少？,5,“桥”对这个词的整体语义贡献了多少？,5,这个词的意思能从它的组成成分的语义上推测出来吗？,3
anonymized_9935,2024-09-07 20:47:58,2024-09-07 20:53:30,证书,”证”对这个词的语义贡献了多少？,5,“书”对这个词的整体语义贡献了多少？,3,这个词的意思能从它的组成成分的语义上推测出来吗？,4
anonymized_9935,2024-09-07 20:47:58,2024-09-07 20:53:30,动力车,“动力”对这个词的语义贡献了多少？,5,“车”对这个词的整体语义贡献了多少？,5,这个词的意思能从它的组成成分的语义上推测出来吗？,4
anonymized_9935,2024-09-07 20:47:58,2024-09-07 20:53:30,租税,“租”对这个词的语义贡献了多少？,5,“税”对这个词的整体语义贡献了多少？,5,这个词的意思能从它的组成成分的语义上推测出来吗？,4
anonymized_9935,2024-09-07 20:47:58,2024-09-07 20:53:30,草书,“草”对这个词的语义贡献了多少？,5,“书”对这个词的整体语义贡献了多少？,5,这个词的意思能从它的组成成分的语义上推测出来吗？,4
anonymized_9935,2024-09-07 20:47:58,2024-09-07 20:53:30,地质矿产,“地质”对这个词的语义贡献了多少？,5,“矿产”对这个词的整体语义贡献了多少？,5,这个词的意思能从它的组成成分的语义上推测出来吗？,5
anonymized_9935,2024-09-07 20:47:58,2024-09-07 20:53:30,医学专家,“医学”对这个词的语义贡献了多少？,5,“专家”对这个词的整体语义贡献了多少？,5,这个词的意思能从它的组成成分的语义上推测出来吗？,5
anonymized_9935,2024-09-07 20:47:58,2024-09-07 20:53:30,职工队伍,“职工”对这个词的语义贡献了多少？,5,“队伍”对这个词的整体语义贡献了多少？,5,这个词的意思能从它的组成成分的语义上推测出来吗？,5
anonymized_9935,2024-09-07 20:47:58,2024-09-07 20:53:30,车手,“ 车”对这个词的语义贡献了多少？,5,“ 手”对这个词的整体语义贡献了多少？,5,这个词的意思能从它的组成成分的语义上推测出来吗？,4
anonymized_9935,2024-09-07 20:47:58,2024-09-07 20:53:30,玻璃墙,“玻璃”对这个词的语义贡献了多少？,5,“墙”对这个词的整体语义贡献了多少？,5,这个词的意思能从它的组成成分的语义上推测出来吗？,5
anonymized_9935,2024-09-07 20:47:58,2024-09-07 20:53:30,银行利息,“银行”对这个词的语义贡献了多少？,5,“利息”对这个词的整体语义贡献了多少？,5,这个词的意思能从它的组成成分的语义上推测出来吗？,5
anonymized_9935,2024-09-07 20:47:58,2024-09-07 20:53:30,人物性格,“人物”对这个词的语义贡献了多少？,5,“性格”对这个词的整体语义贡献了多少？,5,这个词的意思能从它的组成成分的语义上推测出来吗？,5
anonymized_9935,2024-09-07 20:47:58,2024-09-07 20:53:30,工作岗位,“工作”对这个词的语义贡献了多少？,5,“岗位”对这个词的整体语义贡献了多少？,5,这个词的意思能从它的组成成分的语义上推测出来吗？,5
anonymized_9935,2024-09-07 20:47:58,2024-09-07 20:53:30,盐路,“盐”对这个词的语义贡献了多少？,5,“路”对这个词的整体语义贡献了多少？,5,这个词的意思能从它的组成成分的语义上推测出来吗？,4
anonymized_9935,2024-09-07 20:47:58,2024-09-07 20:53:30,诗书,“诗”对这个词的语义贡献了多少？,4,“书”对这个词的整体语义贡献了多少？,5,这个词的意思能从它的组成成分的语义上推测出来吗？,4
anonymized_9935,2024-09-07 20:47:58,2024-09-07 20:53:30,小区业主,“小区”对这个词的语义贡献了多少？,5,“业主”对这个词的整体语义贡献了多少？,5,这个词的意思能从它的组成成分的语义上推测出来吗？,5
anonymized_9935,2024-09-07 20:47:58,2024-09-07 20:53:30,税收制度,“ 税收”对这个词的语义贡献了多少？,5,“制度”对这个词的整体语义贡献了多少？,5,这个词的意思能从它的组成成分的语义上推测出来吗？,5
anonymized_9935,2024-09-07 20:47:58,2024-09-07 20:53:30,电视栏目,“电视”对这个词的语义贡献了多少？,5,“栏目”对这个词的整体语义贡献了多少？,5,这个词的意思能从它的组成成分的语义上推测出来吗？,5
anonymized_9935,2024-09-07 20:47:58,2024-09-07 20:53:30,文化素质,“文化”对这个词的语义贡献了多少？,5,“素质”对这个词的整体语义贡献了多少？,5,这个词的意思能从它的组成成分的语义上推测出来吗？,4
anonymized_9935,2024-09-07 20:47:58,2024-09-07 20:53:30,茅草屋,“茅草”对这个词的语义贡献了多少？,5,“屋”对这个词的整体语义贡献了多少？,5,这个词的意思能从它的组成成分的语义上推测出来吗？,5
anonymized_9935,2024-09-07 20:47:58,2024-09-07 20:53:30,职工工资,“职工”对这个词的语义贡献了多少？,5,“工资”对这个词的整体语义贡献了多少？,5,这个词的意思能从它的组成成分的语义上推测出来吗？,5
anonymized_9935,2024-09-07 20:47:58,2024-09-07 20:53:30,油灯,“油”对这个词的语义贡献了多少？,5,“灯”对这个词的整体语义贡献了多少？,5,这个词的意思能从它的组成成分的语义上推测出来吗？,4
anonymized_9935,2024-09-07 20:47:58,2024-09-07 20:53:30,背景墙,“背景”对这个词的语义贡献了多少？,5,“墙”对这个词的整体语义贡献了多少？,5,这个词的意思能从它的组成成分的语义上推测出来吗？,5
anonymized_9935,2024-09-07 20:47:58,2024-09-07 20:53:30,奶油,“奶”对这个词的语义贡献了多少？,5,“油”对这个词的整体语义贡献了多少？,5,这个词的意思能从它的组成成分的语义上推测出来吗？,3
anonymized_1488,2024-09-08 01:38:39,2024-09-08 01:47:59,戏票,“戏”对这个词的语义贡献了多少？,4,“票”对这个词的整体语义贡献了多少？,5,这个词的意思能从它的组成成分的语义上推测出来吗？,5
anonymized_1488,2024-09-08 01:38:39,2024-09-08 01:47:59,公路桥,“公路”对这个词的语义贡献了多少？,4,“桥”对这个词的整体语义贡献了多少？,5,这个词的意思能从它的组成成分的语义上推测出来吗？,5
anonymized_1488,2024-09-08 01:38:39,2024-09-08 01:47:59,证书,”证”对这个词的语义贡献了多少？,5,“书”对这个词的整体语义贡献了多少？,2,这个词的意思能从它的组成成分的语义上推测出来吗？,5
anonymized_1488,2024-09-08 01:38:39,2024-09-08 01:47:59,动力车,“动力”对这个词的语义贡献了多少？,4,“车”对这个词的整体语义贡献了多少？,5,这个词的意思能从它的组成成分的语义上推测出来吗？,5
anonymized_1488,2024-09-08 01:38:39,2024-09-08 01:47:59,租税,“租”对这个词的语义贡献了多少？,4,“税”对这个词的整体语义贡献了多少？,5,这个词的意思能从它的组成成分的语义上推测出来吗？,5
anonymized_1488,2024-09-08 01:38:39,2024-09-08 01:47:59,草书,“草”对这个词的语义贡献了多少？,4,“书”对这个词的整体语义贡献了多少？,5,这个词的意思能从它的组成成分的语义上推测出来吗？,0
anonymized_1488,2024-09-08 01:38:39,2024-09-08 01:47:59,地质矿产,“地质”对这个词的语义贡献了多少？,4,“矿产”对这个词的整体语义贡献了多少？,5,这个词的意思能从它的组成成分的语义上推测出来吗？,5
anonymized_1488,2024-09-08 01:38:39,2024-09-08 01:47:59,医学专家,“医学”对这个词的语义贡献了多少？,4,“专家”对这个词的整体语义贡献了多少？,5,这个词的意思能从它的组成成分的语义上推测出来吗？,5
anonymized_1488,2024-09-08 01:38:39,2024-09-08 01:47:59,职工队伍,“职工”对这个词的语义贡献了多少？,5,“队伍”对这个词的整体语义贡献了多少？,4,这个词的意思能从它的组成成分的语义上推测出来吗？,5
anonymized_1488,2024-09-08 01:38:39,2024-09-08 01:47:59,车手,“ 车”对这个词的语义贡献了多少？,4,“ 手”对这个词的整体语义贡献了多少？,5,这个词的意思能从它的组成成分的语义上推测出来吗？,3
anonymized_1488,2024-09-08 01:38:39,2024-09-08 01:47:59,玻璃墙,“玻璃”对这个词的语义贡献了多少？,4,“墙”对这个词的整体语义贡献了多少？,5,这个词的意思能从它的组成成分的语义上推测出来吗？,5
anonymized_1488,2024-09-08 01:38:39,2024-09-08 01:47:59,银行利息,“银行”对这个词的语义贡献了多少？,4,“利息”对这个词的整体语义贡献了多少？,5,这个词的意思能从它的组成成分的语义上推测出来吗？,5
anonymized_1488,2024-09-08 01:38:39,2024-09-08 01:47:59,人物性格,“人物”对这个词的语义贡献了多少？,4,“性格”对这个词的整体语义贡献了多少？,5,这个词的意思能从它的组成成分的语义上推测出来吗？,5
anonymized_1488,2024-09-08 01:38:39,2024-09-08 01:47:59,工作岗位,“工作”对这个词的语义贡献了多少？,2,“岗位”对这个词的整体语义贡献了多少？,5,这个词的意思能从它的组成成分的语义上推测出来吗？,5
anonymized_1488,2024-09-08 01:38:39,2024-09-08 01:47:59,盐路,“盐”对这个词的语义贡献了多少？,4,“路”对这个词的整体语义贡献了多少？,5,这个词的意思能从它的组成成分的语义上推测出来吗？,5
anonymized_1488,2024-09-08 01:38:39,2024-09-08 01:47:59,诗书,“诗”对这个词的语义贡献了多少？,4,“书”对这个词的整体语义贡献了多少？,5,这个词的意思能从它的组成成分的语义上推测出来吗？,5
anonymized_1488,2024-09-08 01:38:39,2024-09-08 01:47:59,小区业主,“小区”对这个词的语义贡献了多少？,4,“业主”对这个词的整体语义贡献了多少？,5,这个词的意思能从它的组成成分的语义上推测出来吗？,5
anonymized_1488,2024-09-08 01:38:39,2024-09-08 01:47:59,税收制度,“ 税收”对这个词的语义贡献了多少？,4,“制度”对这个词的整体语义贡献了多少？,5,这个词的意思能从它的组成成分的语义上推测出来吗？,5
anonymized_1488,2024-09-08 01:38:39,2024-09-08 01:47:59,电视栏目,“电视”对这个词的语义贡献了多少？,4,“栏目”对这个词的整体语义贡献了多少？,5,这个词的意思能从它的组成成分的语义上推测出来吗？,5
anonymized_1488,2024-09-08 01:38:39,2024-09-08 01:47:59,文化素质,“文化”对这个词的语义贡献了多少？,4,“素质”对这个词的整体语义贡献了多少？,5,这个词的意思能从它的组成成分的语义上推测出来吗？,5
anonymized_1488,2024-09-08 01:38:39,2024-09-08 01:47:59,茅草屋,“茅草”对这个词的语义贡献了多少？,4,“屋”对这个词的整体语义贡献了多少？,5,这个词的意思能从它的组成成分的语义上推测出来吗？,5
anonymized_1488,2024-09-08 01:38:39,2024-09-08 01:47:59,职工工资,“职工”对这个词的语义贡献了多少？,4,“工资”对这个词的整体语义贡献了多少？,5,这个词的意思能从它的组成成分的语义上推测出来吗？,5
anonymized_1488,2024-09-08 01:38:39,2024-09-08 01:47:59,油灯,“油”对这个词的语义贡献了多少？,4,“灯”对这个词的整体语义贡献了多少？,5,这个词的意思能从它的组成成分的语义上推测出来吗？,5
anonymized_1488,2024-09-08 01:38:39,2024-09-08 01:47:59,背景墙,“背景”对这个词的语义贡献了多少？,5,“墙”对这个词的整体语义贡献了多少？,4,这个词的意思能从它的组成成分的语义上推测出来吗？,5
anonymized_1488,2024-09-08 01:38:39,2024-09-08 01:47:59,奶油,“奶”对这个词的语义贡献了多少？,5,“油”对这个词的整体语义贡献了多少？,5,这个词的意思能从它的组成成分的语义上推测出来吗？,5
anonymized_4657,2024-09-15 12:03:20,2024-09-15 12:08:12,戏票,“戏”对这个词的语义贡献了多少？,5,“票”对这个词的整体语义贡献了多少？,5,这个词的意思能从它的组成成分的语义上推测出来吗？,5
anonymized_4657,2024-09-15 12:03:20,2024-09-15 12:08:12,公路桥,“公路”对这个词的语义贡献了多少？,5,“桥”对这个词的整体语义贡献了多少？,5,这个词的意思能从它的组成成分的语义上推测出来吗？,5
anonymized_4657,2024-09-15 12:03:20,2024-09-15 12:08:12,证书,”证”对这个词的语义贡献了多少？,5,“书”对这个词的整体语义贡献了多少？,4,这个词的意思能从它的组成成分的语义上推测出来吗？,5
anonymized_4657,2024-09-15 12:03:20,2024-09-15 12:08:12,动力车,“动力”对这个词的语义贡献了多少？,5,“车”对这个词的整体语义贡献了多少？,5,这个词的意思能从它的组成成分的语义上推测出来吗？,5
anonymized_4657,2024-09-15 12:03:20,2024-09-15 12:08:12,租税,“租”对这个词的语义贡献了多少？,5,“税”对这个词的整体语义贡献了多少？,5,这个词的意思能从它的组成成分的语义上推测出来吗？,5
anonymized_4657,2024-09-15 12:03:20,2024-09-15 12:08:12,草书,“草”对这个词的语义贡献了多少？,4,“书”对这个词的整体语义贡献了多少？,5,这个词的意思能从它的组成成分的语义上推测出来吗？,5
anonymized_4657,2024-09-15 12:03:20,2024-09-15 12:08:12,地质矿产,“地质”对这个词的语义贡献了多少？,5,“矿产”对这个词的整体语义贡献了多少？,5,这个词的意思能从它的组成成分的语义上推测出来吗？,5
anonymized_4657,2024-09-15 12:03:20,2024-09-15 12:08:12,医学专家,“医学”对这个词的语义贡献了多少？,5,“专家”对这个词的整体语义贡献了多少？,5,这个词的意思能从它的组成成分的语义上推测出来吗？,5
anonymized_4657,2024-09-15 12:03:20,2024-09-15 12:08:12,职工队伍,“职工”对这个词的语义贡献了多少？,5,“队伍”对这个词的整体语义贡献了多少？,4,这个词的意思能从它的组成成分的语义上推测出来吗？,5
anonymized_4657,2024-09-15 12:03:20,2024-09-15 12:08:12,车手,“ 车”对这个词的语义贡献了多少？,5,“ 手”对这个词的整体语义贡献了多少？,3,这个词的意思能从它的组成成分的语义上推测出来吗？,4
anonymized_4657,2024-09-15 12:03:20,2024-09-15 12:08:12,玻璃墙,“玻璃”对这个词的语义贡献了多少？,5,“墙”对这个词的整体语义贡献了多少？,5,这个词的意思能从它的组成成分的语义上推测出来吗？,5
anonymized_4657,2024-09-15 12:03:20,2024-09-15 12:08:12,银行利息,“银行”对这个词的语义贡献了多少？,5,“利息”对这个词的整体语义贡献了多少？,5,这个词的意思能从它的组成成分的语义上推测出来吗？,5
anonymized_4657,2024-09-15 12:03:20,2024-09-15 12:08:12,人物性格,“人物”对这个词的语义贡献了多少？,5,“性格”对这个词的整体语义贡献了多少？,5,这个词的意思能从它的组成成分的语义上推测出来吗？,5
anonymized_4657,2024-09-15 12:03:20,2024-09-15 12:08:12,工作岗位,“工作”对这个词的语义贡献了多少？,5,“岗位”对这个词的整体语义贡献了多少？,5,这个词的意思能从它的组成成分的语义上推测出来吗？,5
anonymized_4657,2024-09-15 12:03:20,2024-09-15 12:08:12,盐路,“盐”对这个词的语义贡献了多少？,5,“路”对这个词的整体语义贡献了多少？,3,这个词的意思能从它的组成成分的语义上推测出来吗？,4
anonymized_4657,2024-09-15 12:03:20,2024-09-15 12:08:12,诗书,“诗”对这个词的语义贡献了多少？,5,“书”对这个词的整体语义贡献了多少？,5,这个词的意思能从它的组成成分的语义上推测出来吗？,5
anonymized_4657,2024-09-15 12:03:20,2024-09-15 12:08:12,小区业主,“小区”对这个词的语义贡献了多少？,5,“业主”对这个词的整体语义贡献了多少？,5,这个词的意思能从它的组成成分的语义上推测出来吗？,5
anonymized_4657,2024-09-15 12:03:20,2024-09-15 12:08:12,税收制度,“ 税收”对这个词的语义贡献了多少？,5,“制度”对这个词的整体语义贡献了多少？,5,这个词的意思能从它的组成成分的语义上推测出来吗？,5
anonymized_4657,2024-09-15 12:03:20,2024-09-15 12:08:12,电视栏目,“电视”对这个词的语义贡献了多少？,5,“栏目”对这个词的整体语义贡献了多少？,5,这个词的意思能从它的组成成分的语义上推测出来吗？,5
anonymized_4657,2024-09-15 12:03:20,2024-09-15 12:08:12,文化素质,“文化”对这个词的语义贡献了多少？,5,“素质”对这个词的整体语义贡献了多少？,5,这个词的意思能从它的组成成分的语义上推测出来吗？,5
anonymized_4657,2024-09-15 12:03:20,2024-09-15 12:08:12,茅草屋,“茅草”对这个词的语义贡献了多少？,5,“屋”对这个词的整体语义贡献了多少？,5,这个词的意思能从它的组成成分的语义上推测出来吗？,5
anonymized_4657,2024-09-15 12:03:20,2024-09-15 12:08:12,职工工资,“职工”对这个词的语义贡献了多少？,5,“工资”对这个词的整体语义贡献了多少？,5,这个词的意思能从它的组成成分的语义上推测出来吗？,5
anonymized_4657,2024-09-15 12:03:20,2024-09-15 12:08:12,油灯,“油”对这个词的语义贡献了多少？,5,“灯”对这个词的整体语义贡献了多少？,5,这个词的意思能从它的组成成分的语义上推测出来吗？,5
anonymized_4657,2024-09-15 12:03:20,2024-09-15 12:08:12,背景墙,“背景”对这个词的语义贡献了多少？,5,“墙”对这个词的整体语义贡献了多少？,5,这个词的意思能从它的组成成分的语义上推测出来吗？,5
anonymized_4657,2024-09-15 12:03:20,2024-09-15 12:08:12,奶油,“奶”对这个词的语义贡献了多少？,5,“油”对这个词的整体语义贡献了多少？,4,这个词的意思能从它的组成成分的语义上推测出来吗？,5
anonymized_7873,2024-09-15 12:05:17,2024-09-15 12:11:10,戏票,“戏”对这个词的语义贡献了多少？,3,“票”对这个词的整体语义贡献了多少？,4,这个词的意思能从它的组成成分的语义上推测出来吗？,5
anonymized_7873,2024-09-15 12:05:17,2024-09-15 12:11:10,公路桥,“公路”对这个词的语义贡献了多少？,3,“桥”对这个词的整体语义贡献了多少？,3,这个词的意思能从它的组成成分的语义上推测出来吗？,3
anonymized_7873,2024-09-15 12:05:17,2024-09-15 12:11:10,证书,”证”对这个词的语义贡献了多少？,5,“书”对这个词的整体语义贡献了多少？,3,这个词的意思能从它的组成成分的语义上推测出来吗？,5
anonymized_7873,2024-09-15 12:05:17,2024-09-15 12:11:10,动力车,“动力”对这个词的语义贡献了多少？,4,“车”对这个词的整体语义贡献了多少？,4,这个词的意思能从它的组成成分的语义上推测出来吗？,4
anonymized_7873,2024-09-15 12:05:17,2024-09-15 12:11:10,租税,“租”对这个词的语义贡献了多少？,2,“税”对这个词的整体语义贡献了多少？,2,这个词的意思能从它的组成成分的语义上推测出来吗？,2
anonymized_7873,2024-09-15 12:05:17,2024-09-15 12:11:10,草书,“草”对这个词的语义贡献了多少？,3,“书”对这个词的整体语义贡献了多少？,3,这个词的意思能从它的组成成分的语义上推测出来吗？,3
anonymized_7873,2024-09-15 12:05:17,2024-09-15 12:11:10,地质矿产,“地质”对这个词的语义贡献了多少？,4,“矿产”对这个词的整体语义贡献了多少？,4,这个词的意思能从它的组成成分的语义上推测出来吗？,5
anonymized_7873,2024-09-15 12:05:17,2024-09-15 12:11:10,医学专家,“医学”对这个词的语义贡献了多少？,4,“专家”对这个词的整体语义贡献了多少？,4,这个词的意思能从它的组成成分的语义上推测出来吗？,5
anonymized_7873,2024-09-15 12:05:17,2024-09-15 12:11:10,职工队伍,“职工”对这个词的语义贡献了多少？,4,“队伍”对这个词的整体语义贡献了多少？,4,这个词的意思能从它的组成成分的语义上推测出来吗？,5
anonymized_7873,2024-09-15 12:05:17,2024-09-15 12:11:10,车手,“ 车”对这个词的语义贡献了多少？,3,“ 手”对这个词的整体语义贡献了多少？,3,这个词的意思能从它的组成成分的语义上推测出来吗？,4
anonymized_7873,2024-09-15 12:05:17,2024-09-15 12:11:10,玻璃墙,“玻璃”对这个词的语义贡献了多少？,4,“墙”对这个词的整体语义贡献了多少？,4,这个词的意思能从它的组成成分的语义上推测出来吗？,5
anonymized_7873,2024-09-15 12:05:17,2024-09-15 12:11:10,银行利息,“银行”对这个词的语义贡献了多少？,4,“利息”对这个词的整体语义贡献了多少？,4,这个词的意思能从它的组成成分的语义上推测出来吗？,5
anonymized_7873,2024-09-15 12:05:17,2024-09-15 12:11:10,人物性格,“人物”对这个词的语义贡献了多少？,4,“性格”对这个词的整体语义贡献了多少？,4,这个词的意思能从它的组成成分的语义上推测出来吗？,5
anonymized_7873,2024-09-15 12:05:17,2024-09-15 12:11:10,工作岗位,“工作”对这个词的语义贡献了多少？,4,“岗位”对这个词的整体语义贡献了多少？,4,这个词的意思能从它的组成成分的语义上推测出来吗？,5
anonymized_7873,2024-09-15 12:05:17,2024-09-15 12:11:10,盐路,“盐”对这个词的语义贡献了多少？,3,“路”对这个词的整体语义贡献了多少？,3,这个词的意思能从它的组成成分的语义上推测出来吗？,3
anonymized_7873,2024-09-15 12:05:17,2024-09-15 12:11:10,诗书,“诗”对这个词的语义贡献了多少？,4,“书”对这个词的整体语义贡献了多少？,3,这个词的意思能从它的组成成分的语义上推测出来吗？,4
anonymized_7873,2024-09-15 12:05:17,2024-09-15 12:11:10,小区业主,“小区”对这个词的语义贡献了多少？,4,“业主”对这个词的整体语义贡献了多少？,4,这个词的意思能从它的组成成分的语义上推测出来吗？,5
anonymized_7873,2024-09-15 12:05:17,2024-09-15 12:11:10,税收制度,“ 税收”对这个词的语义贡献了多少？,4,“制度”对这个词的整体语义贡献了多少？,4,这个词的意思能从它的组成成分的语义上推测出来吗？,5
anonymized_7873,2024-09-15 12:05:17,2024-09-15 12:11:10,电视栏目,“电视”对这个词的语义贡献了多少？,4,“栏目”对这个词的整体语义贡献了多少？,4,这个词的意思能从它的组成成分的语义上推测出来吗？,5
anonymized_7873,2024-09-15 12:05:17,2024-09-15 12:11:10,文化素质,“文化”对这个词的语义贡献了多少？,4,“素质”对这个词的整体语义贡献了多少？,4,这个词的意思能从它的组成成分的语义上推测出来吗？,5
anonymized_7873,2024-09-15 12:05:17,2024-09-15 12:11:10,茅草屋,“茅草”对这个词的语义贡献了多少？,4,“屋”对这个词的整体语义贡献了多少？,4,这个词的意思能从它的组成成分的语义上推测出来吗？,5
anonymized_7873,2024-09-15 12:05:17,2024-09-15 12:11:10,职工工资,“职工”对这个词的语义贡献了多少？,4,“工资”对这个词的整体语义贡献了多少？,4,这个词的意思能从它的组成成分的语义上推测出来吗？,5
anonymized_7873,2024-09-15 12:05:17,2024-09-15 12:11:10,油灯,“油”对这个词的语义贡献了多少？,4,“灯”对这个词的整体语义贡献了多少？,4,这个词的意思能从它的组成成分的语义上推测出来吗？,5
anonymized_7873,2024-09-15 12:05:17,2024-09-15 12:11:10,背景墙,“背景”对这个词的语义贡献了多少？,4,“墙”对这个词的整体语义贡献了多少？,4,这个词的意思能从它的组成成分的语义上推测出来吗？,5
anonymized_7873,2024-09-15 12:05:17,2024-09-15 12:11:10,奶油,“奶”对这个词的语义贡献了多少？,3,“油”对这个词的整体语义贡献了多少？,3,这个词的意思能从它的组成成分的语义上推测出来吗？,3
anonymized_2424,2024-09-15 14:33:17,2024-09-15 14:36:25,戏票,“戏”对这个词的语义贡献了多少？,5,“票”对这个词的整体语义贡献了多少？,5,这个词的意思能从它的组成成分的语义上推测出来吗？,5
anonymized_2424,2024-09-15 14:33:17,2024-09-15 14:36:25,公路桥,“公路”对这个词的语义贡献了多少？,5,“桥”对这个词的整体语义贡献了多少？,5,这个词的意思能从它的组成成分的语义上推测出来吗？,5
anonymized_2424,2024-09-15 14:33:17,2024-09-15 14:36:25,证书,”证”对这个词的语义贡献了多少？,5,“书”对这个词的整体语义贡献了多少？,5,这个词的意思能从它的组成成分的语义上推测出来吗？,5
anonymized_2424,2024-09-15 14:33:17,2024-09-15 14:36:25,动力车,“动力”对这个词的语义贡献了多少？,4,“车”对这个词的整体语义贡献了多少？,5,这个词的意思能从它的组成成分的语义上推测出来吗？,4
anonymized_2424,2024-09-15 14:33:17,2024-09-15 14:36:25,租税,“租”对这个词的语义贡献了多少？,5,“税”对这个词的整体语义贡献了多少？,5,这个词的意思能从它的组成成分的语义上推测出来吗？,5
anonymized_2424,2024-09-15 14:33:17,2024-09-15 14:36:25,草书,“草”对这个词的语义贡献了多少？,2,“书”对这个词的整体语义贡献了多少？,4,这个词的意思能从它的组成成分的语义上推测出来吗？,3
anonymized_2424,2024-09-15 14:33:17,2024-09-15 14:36:25,地质矿产,“地质”对这个词的语义贡献了多少？,5,“矿产”对这个词的整体语义贡献了多少？,5,这个词的意思能从它的组成成分的语义上推测出来吗？,5
anonymized_2424,2024-09-15 14:33:17,2024-09-15 14:36:25,医学专家,“医学”对这个词的语义贡献了多少？,5,“专家”对这个词的整体语义贡献了多少？,5,这个词的意思能从它的组成成分的语义上推测出来吗？,5
anonymized_2424,2024-09-15 14:33:17,2024-09-15 14:36:25,职工队伍,“职工”对这个词的语义贡献了多少？,5,“队伍”对这个词的整体语义贡献了多少？,5,这个词的意思能从它的组成成分的语义上推测出来吗？,5
anonymized_2424,2024-09-15 14:33:17,2024-09-15 14:36:25,车手,“ 车”对这个词的语义贡献了多少？,5,“ 手”对这个词的整体语义贡献了多少？,4,这个词的意思能从它的组成成分的语义上推测出来吗？,4
anonymized_2424,2024-09-15 14:33:17,2024-09-15 14:36:25,玻璃墙,“玻璃”对这个词的语义贡献了多少？,5,“墙”对这个词的整体语义贡献了多少？,5,这个词的意思能从它的组成成分的语义上推测出来吗？,5
anonymized_2424,2024-09-15 14:33:17,2024-09-15 14:36:25,银行利息,“银行”对这个词的语义贡献了多少？,5,“利息”对这个词的整体语义贡献了多少？,5,这个词的意思能从它的组成成分的语义上推测出来吗？,5
anonymized_2424,2024-09-15 14:33:17,2024-09-15 14:36:25,人物性格,“人物”对这个词的语义贡献了多少？,5,“性格”对这个词的整体语义贡献了多少？,5,这个词的意思能从它的组成成分的语义上推测出来吗？,5
anonymized_2424,2024-09-15 14:33:17,2024-09-15 14:36:25,工作岗位,“工作”对这个词的语义贡献了多少？,5,“岗位”对这个词的整体语义贡献了多少？,5,这个词的意思能从它的组成成分的语义上推测出来吗？,5
anonymized_2424,2024-09-15 14:33:17,2024-09-15 14:36:25,盐路,“盐”对这个词的语义贡献了多少？,2,“路”对这个词的整体语义贡献了多少？,5,这个词的意思能从它的组成成分的语义上推测出来吗？,3
anonymized_2424,2024-09-15 14:33:17,2024-09-15 14:36:25,诗书,“诗”对这个词的语义贡献了多少？,3,“书”对这个词的整体语义贡献了多少？,3,这个词的意思能从它的组成成分的语义上推测出来吗？,4
anonymized_2424,2024-09-15 14:33:17,2024-09-15 14:36:25,小区业主,“小区”对这个词的语义贡献了多少？,1,“业主”对这个词的整体语义贡献了多少？,5,这个词的意思能从它的组成成分的语义上推测出来吗？,5
anonymized_2424,2024-09-15 14:33:17,2024-09-15 14:36:25,税收制度,“ 税收”对这个词的语义贡献了多少？,5,“制度”对这个词的整体语义贡献了多少？,5,这个词的意思能从它的组成成分的语义上推测出来吗？,5
anonymized_2424,2024-09-15 14:33:17,2024-09-15 14:36:25,电视栏目,“电视”对这个词的语义贡献了多少？,5,“栏目”对这个词的整体语义贡献了多少？,5,这个词的意思能从它的组成成分的语义上推测出来吗？,5
anonymized_2424,2024-09-15 14:33:17,2024-09-15 14:36:25,文化素质,“文化”对这个词的语义贡献了多少？,5,“素质”对这个词的整体语义贡献了多少？,5,这个词的意思能从它的组成成分的语义上推测出来吗？,5
anonymized_2424,2024-09-15 14:33:17,2024-09-15 14:36:25,茅草屋,“茅草”对这个词的语义贡献了多少？,5,“屋”对这个词的整体语义贡献了多少？,5,这个词的意思能从它的组成成分的语义上推测出来吗？,5
anonymized_2424,2024-09-15 14:33:17,2024-09-15 14:36:25,职工工资,“职工”对这个词的语义贡献了多少？,5,“工资”对这个词的整体语义贡献了多少？,5,这个词的意思能从它的组成成分的语义上推测出来吗？,5
anonymized_2424,2024-09-15 14:33:17,2024-09-15 14:36:25,油灯,“油”对这个词的语义贡献了多少？,5,“灯”对这个词的整体语义贡献了多少？,5,这个词的意思能从它的组成成分的语义上推测出来吗？,5
anonymized_2424,2024-09-15 14:33:17,2024-09-15 14:36:25,背景墙,“背景”对这个词的语义贡献了多少？,5,“墙”对这个词的整体语义贡献了多少？,5,这个词的意思能从它的组成成分的语义上推测出来吗？,5
anonymized_2424,2024-09-15 14:33:17,2024-09-15 14:36:25,奶油,“奶”对这个词的语义贡献了多少？,4,“油”对这个词的整体语义贡献了多少？,3,这个词的意思能从它的组成成分的语义上推测出来吗？,3
anonymized_4257,2024-09-15 14:47:13,2024-09-15 14:50:08,戏票,“戏”对这个词的语义贡献了多少？,3,“票”对这个词的整体语义贡献了多少？,4,这个词的意思能从它的组成成分的语义上推测出来吗？,4
anonymized_4257,2024-09-15 14:47:13,2024-09-15 14:50:08,公路桥,“公路”对这个词的语义贡献了多少？,3,“桥”对这个词的整体语义贡献了多少？,4,这个词的意思能从它的组成成分的语义上推测出来吗？,4
anonymized_4257,2024-09-15 14:47:13,2024-09-15 14:50:08,证书,”证”对这个词的语义贡献了多少？,4,“书”对这个词的整体语义贡献了多少？,3,这个词的意思能从它的组成成分的语义上推测出来吗？,4
anonymized_4257,2024-09-15 14:47:13,2024-09-15 14:50:08,动力车,“动力”对这个词的语义贡献了多少？,3,“车”对这个词的整体语义贡献了多少？,4,这个词的意思能从它的组成成分的语义上推测出来吗？,2
anonymized_4257,2024-09-15 14:47:13,2024-09-15 14:50:08,租税,“租”对这个词的语义贡献了多少？,3,“税”对这个词的整体语义贡献了多少？,4,这个词的意思能从它的组成成分的语义上推测出来吗？,4
anonymized_4257,2024-09-15 14:47:13,2024-09-15 14:50:08,草书,“草”对这个词的语义贡献了多少？,3,“书”对这个词的整体语义贡献了多少？,4,这个词的意思能从它的组成成分的语义上推测出来吗？,4
anonymized_4257,2024-09-15 14:47:13,2024-09-15 14:50:08,地质矿产,“地质”对这个词的语义贡献了多少？,3,“矿产”对这个词的整体语义贡献了多少？,4,这个词的意思能从它的组成成分的语义上推测出来吗？,4
anonymized_4257,2024-09-15 14:47:13,2024-09-15 14:50:08,医学专家,“医学”对这个词的语义贡献了多少？,3,“专家”对这个词的整体语义贡献了多少？,4,这个词的意思能从它的组成成分的语义上推测出来吗？,4
anonymized_4257,2024-09-15 14:47:13,2024-09-15 14:50:08,职工队伍,“职工”对这个词的语义贡献了多少？,4,“队伍”对这个词的整体语义贡献了多少？,3,这个词的意思能从它的组成成分的语义上推测出来吗？,4
anonymized_4257,2024-09-15 14:47:13,2024-09-15 14:50:08,车手,“ 车”对这个词的语义贡献了多少？,3,“ 手”对这个词的整体语义贡献了多少？,4,这个词的意思能从它的组成成分的语义上推测出来吗？,4
anonymized_4257,2024-09-15 14:47:13,2024-09-15 14:50:08,玻璃墙,“玻璃”对这个词的语义贡献了多少？,3,“墙”对这个词的整体语义贡献了多少？,4,这个词的意思能从它的组成成分的语义上推测出来吗？,4
anonymized_4257,2024-09-15 14:47:13,2024-09-15 14:50:08,银行利息,“银行”对这个词的语义贡献了多少？,3,“利息”对这个词的整体语义贡献了多少？,5,这个词的意思能从它的组成成分的语义上推测出来吗？,4
anonymized_4257,2024-09-15 14:47:13,2024-09-15 14:50:08,人物性格,“人物”对这个词的语义贡献了多少？,3,“性格”对这个词的整体语义贡献了多少？,5,这个词的意思能从它的组成成分的语义上推测出来吗？,4
anonymized_4257,2024-09-15 14:47:13,2024-09-15 14:50:08,工作岗位,“工作”对这个词的语义贡献了多少？,3,“岗位”对这个词的整体语义贡献了多少？,4,这个词的意思能从它的组成成分的语义上推测出来吗？,4
anonymized_4257,2024-09-15 14:47:13,2024-09-15 14:50:08,盐路,“盐”对这个词的语义贡献了多少？,3,“路”对这个词的整体语义贡献了多少？,4,这个词的意思能从它的组成成分的语义上推测出来吗？,2
anonymized_4257,2024-09-15 14:47:13,2024-09-15 14:50:08,诗书,“诗”对这个词的语义贡献了多少？,3,“书”对这个词的整体语义贡献了多少？,4,这个词的意思能从它的组成成分的语义上推测出来吗？,4
anonymized_4257,2024-09-15 14:47:13,2024-09-15 14:50:08,小区业主,“小区”对这个词的语义贡献了多少？,3,“业主”对这个词的整体语义贡献了多少？,5,这个词的意思能从它的组成成分的语义上推测出来吗？,4
anonymized_4257,2024-09-15 14:47:13,2024-09-15 14:50:08,税收制度,“ 税收”对这个词的语义贡献了多少？,4,“制度”对这个词的整体语义贡献了多少？,3,这个词的意思能从它的组成成分的语义上推测出来吗？,4
anonymized_4257,2024-09-15 14:47:13,2024-09-15 14:50:08,电视栏目,“电视”对这个词的语义贡献了多少？,3,“栏目”对这个词的整体语义贡献了多少？,4,这个词的意思能从它的组成成分的语义上推测出来吗？,4
anonymized_4257,2024-09-15 14:47:13,2024-09-15 14:50:08,文化素质,“文化”对这个词的语义贡献了多少？,3,“素质”对这个词的整体语义贡献了多少？,4,这个词的意思能从它的组成成分的语义上推测出来吗？,4
anonymized_4257,2024-09-15 14:47:13,2024-09-15 14:50:08,茅草屋,“茅草”对这个词的语义贡献了多少？,3,“屋”对这个词的整体语义贡献了多少？,4,这个词的意思能从它的组成成分的语义上推测出来吗？,4
anonymized_4257,2024-09-15 14:47:13,2024-09-15 14:50:08,职工工资,“职工”对这个词的语义贡献了多少？,3,“工资”对这个词的整体语义贡献了多少？,4,这个词的意思能从它的组成成分的语义上推测出来吗？,4
anonymized_4257,2024-09-15 14:47:13,2024-09-15 14:50:08,油灯,“油”对这个词的语义贡献了多少？,3,“灯”对这个词的整体语义贡献了多少？,4,这个词的意思能从它的组成成分的语义上推测出来吗？,4
anonymized_4257,2024-09-15 14:47:13,2024-09-15 14:50:08,背景墙,“背景”对这个词的语义贡献了多少？,3,“墙”对这个词的整体语义贡献了多少？,4,这个词的意思能从它的组成成分的语义上推测出来吗？,4
anonymized_4257,2024-09-15 14:47:13,2024-09-15 14:50:08,奶油,“奶”对这个词的语义贡献了多少？,3,“油”对这个词的整体语义贡献了多少？,3,这个词的意思能从它的组成成分的语义上推测出来吗？,4
anonymized_2824,2024-09-15 15:52:59,2024-09-15 15:57:26,戏票,“戏”对这个词的语义贡献了多少？,3,“票”对这个词的整体语义贡献了多少？,4,这个词的意思能从它的组成成分的语义上推测出来吗？,3
anonymized_2824,2024-09-15 15:52:59,2024-09-15 15:57:26,公路桥,“公路”对这个词的语义贡献了多少？,3,“桥”对这个词的整体语义贡献了多少？,4,这个词的意思能从它的组成成分的语义上推测出来吗？,4
anonymized_2824,2024-09-15 15:52:59,2024-09-15 15:57:26,证书,”证”对这个词的语义贡献了多少？,5,“书”对这个词的整体语义贡献了多少？,4,这个词的意思能从它的组成成分的语义上推测出来吗？,4
anonymized_2824,2024-09-15 15:52:59,2024-09-15 15:57:26,动力车,“动力”对这个词的语义贡献了多少？,3,“车”对这个词的整体语义贡献了多少？,5,这个词的意思能从它的组成成分的语义上推测出来吗？,5
anonymized_2824,2024-09-15 15:52:59,2024-09-15 15:57:26,租税,“租”对这个词的语义贡献了多少？,3,“税”对这个词的整体语义贡献了多少？,4,这个词的意思能从它的组成成分的语义上推测出来吗？,4
anonymized_2824,2024-09-15 15:52:59,2024-09-15 15:57:26,草书,“草”对这个词的语义贡献了多少？,1,“书”对这个词的整体语义贡献了多少？,4,这个词的意思能从它的组成成分的语义上推测出来吗？,4
anonymized_2824,2024-09-15 15:52:59,2024-09-15 15:57:26,地质矿产,“地质”对这个词的语义贡献了多少？,3,“矿产”对这个词的整体语义贡献了多少？,4,这个词的意思能从它的组成成分的语义上推测出来吗？,4
anonymized_2824,2024-09-15 15:52:59,2024-09-15 15:57:26,医学专家,“医学”对这个词的语义贡献了多少？,4,“专家”对这个词的整体语义贡献了多少？,5,这个词的意思能从它的组成成分的语义上推测出来吗？,5
anonymized_2824,2024-09-15 15:52:59,2024-09-15 15:57:26,职工队伍,“职工”对这个词的语义贡献了多少？,4,“队伍”对这个词的整体语义贡献了多少？,3,这个词的意思能从它的组成成分的语义上推测出来吗？,4
anonymized_2824,2024-09-15 15:52:59,2024-09-15 15:57:26,车手,“ 车”对这个词的语义贡献了多少？,3,“ 手”对这个词的整体语义贡献了多少？,4,这个词的意思能从它的组成成分的语义上推测出来吗？,4
anonymized_2824,2024-09-15 15:52:59,2024-09-15 15:57:26,玻璃墙,“玻璃”对这个词的语义贡献了多少？,4,“墙”对这个词的整体语义贡献了多少？,5,这个词的意思能从它的组成成分的语义上推测出来吗？,5
anonymized_2824,2024-09-15 15:52:59,2024-09-15 15:57:26,银行利息,“银行”对这个词的语义贡献了多少？,3,“利息”对这个词的整体语义贡献了多少？,5,这个词的意思能从它的组成成分的语义上推测出来吗？,5
anonymized_2824,2024-09-15 15:52:59,2024-09-15 15:57:26,人物性格,“人物”对这个词的语义贡献了多少？,3,“性格”对这个词的整体语义贡献了多少？,5,这个词的意思能从它的组成成分的语义上推测出来吗？,5
anonymized_2824,2024-09-15 15:52:59,2024-09-15 15:57:26,工作岗位,“工作”对这个词的语义贡献了多少？,4,“岗位”对这个词的整体语义贡献了多少？,4,这个词的意思能从它的组成成分的语义上推测出来吗？,4
anonymized_2824,2024-09-15 15:52:59,2024-09-15 15:57:26,盐路,“盐”对这个词的语义贡献了多少？,2,“路”对这个词的整体语义贡献了多少？,4,这个词的意思能从它的组成成分的语义上推测出来吗？,4
anonymized_2824,2024-09-15 15:52:59,2024-09-15 15:57:26,诗书,“诗”对这个词的语义贡献了多少？,3,“书”对这个词的整体语义贡献了多少？,4,这个词的意思能从它的组成成分的语义上推测出来吗？,4
anonymized_2824,2024-09-15 15:52:59,2024-09-15 15:57:26,小区业主,“小区”对这个词的语义贡献了多少？,3,“业主”对这个词的整体语义贡献了多少？,5,这个词的意思能从它的组成成分的语义上推测出来吗？,5
anonymized_2824,2024-09-15 15:52:59,2024-09-15 15:57:26,税收制度,“ 税收”对这个词的语义贡献了多少？,4,“制度”对这个词的整体语义贡献了多少？,3,这个词的意思能从它的组成成分的语义上推测出来吗？,4
anonymized_2824,2024-09-15 15:52:59,2024-09-15 15:57:26,电视栏目,“电视”对这个词的语义贡献了多少？,4,“栏目”对这个词的整体语义贡献了多少？,5,这个词的意思能从它的组成成分的语义上推测出来吗？,5
anonymized_2824,2024-09-15 15:52:59,2024-09-15 15:57:26,文化素质,“文化”对这个词的语义贡献了多少？,5,“素质”对这个词的整体语义贡献了多少？,4,这个词的意思能从它的组成成分的语义上推测出来吗？,4
anonymized_2824,2024-09-15 15:52:59,2024-09-15 15:57:26,茅草屋,“茅草”对这个词的语义贡献了多少？,4,“屋”对这个词的整体语义贡献了多少？,5,这个词的意思能从它的组成成分的语义上推测出来吗？,5
anonymized_2824,2024-09-15 15:52:59,2024-09-15 15:57:26,职工工资,“职工”对这个词的语义贡献了多少？,4,“工资”对这个词的整体语义贡献了多少？,5,这个词的意思能从它的组成成分的语义上推测出来吗？,5
anonymized_2824,2024-09-15 15:52:59,2024-09-15 15:57:26,油灯,“油”对这个词的语义贡献了多少？,3,“灯”对这个词的整体语义贡献了多少？,5,这个词的意思能从它的组成成分的语义上推测出来吗？,5
anonymized_2824,2024-09-15 15:52:59,2024-09-15 15:57:26,背景墙,“背景”对这个词的语义贡献了多少？,5,“墙”对这个词的整体语义贡献了多少？,4,这个词的意思能从它的组成成分的语义上推测出来吗？,4
anonymized_2824,2024-09-15 15:52:59,2024-09-15 15:57:26,奶油,“奶”对这个词的语义贡献了多少？,4,“油”对这个词的整体语义贡献了多少？,3,这个词的意思能从它的组成成分的语义上推测出来吗？,4
anonymized_1409,2024-09-15 18:15:45,2024-09-15 18:23:05,戏票,“戏”对这个词的语义贡献了多少？,5,“票”对这个词的整体语义贡献了多少？,5,这个词的意思能从它的组成成分的语义上推测出来吗？,5
anonymized_1409,2024-09-15 18:15:45,2024-09-15 18:23:05,公路桥,“公路”对这个词的语义贡献了多少？,5,“桥”对这个词的整体语义贡献了多少？,5,这个词的意思能从它的组成成分的语义上推测出来吗？,5
anonymized_1409,2024-09-15 18:15:45,2024-09-15 18:23:05,证书,”证”对这个词的语义贡献了多少？,5,“书”对这个词的整体语义贡献了多少？,5,这个词的意思能从它的组成成分的语义上推测出来吗？,5
anonymized_1409,2024-09-15 18:15:45,2024-09-15 18:23:05,动力车,“动力”对这个词的语义贡献了多少？,5,“车”对这个词的整体语义贡献了多少？,5,这个词的意思能从它的组成成分的语义上推测出来吗？,5
anonymized_1409,2024-09-15 18:15:45,2024-09-15 18:23:05,租税,“租”对这个词的语义贡献了多少？,5,“税”对这个词的整体语义贡献了多少？,5,这个词的意思能从它的组成成分的语义上推测出来吗？,5
anonymized_1409,2024-09-15 18:15:45,2024-09-15 18:23:05,草书,“草”对这个词的语义贡献了多少？,5,“书”对这个词的整体语义贡献了多少？,5,这个词的意思能从它的组成成分的语义上推测出来吗？,5
anonymized_1409,2024-09-15 18:15:45,2024-09-15 18:23:05,地质矿产,“地质”对这个词的语义贡献了多少？,5,“矿产”对这个词的整体语义贡献了多少？,5,这个词的意思能从它的组成成分的语义上推测出来吗？,5
anonymized_1409,2024-09-15 18:15:45,2024-09-15 18:23:05,医学专家,“医学”对这个词的语义贡献了多少？,5,“专家”对这个词的整体语义贡献了多少？,5,这个词的意思能从它的组成成分的语义上推测出来吗？,5
anonymized_1409,2024-09-15 18:15:45,2024-09-15 18:23:05,职工队伍,“职工”对这个词的语义贡献了多少？,5,“队伍”对这个词的整体语义贡献了多少？,5,这个词的意思能从它的组成成分的语义上推测出来吗？,5
anonymized_1409,2024-09-15 18:15:45,2024-09-15 18:23:05,车手,“ 车”对这个词的语义贡献了多少？,5,“ 手”对这个词的整体语义贡献了多少？,5,这个词的意思能从它的组成成分的语义上推测出来吗？,5
anonymized_1409,2024-09-15 18:15:45,2024-09-15 18:23:05,玻璃墙,“玻璃”对这个词的语义贡献了多少？,5,“墙”对这个词的整体语义贡献了多少？,5,这个词的意思能从它的组成成分的语义上推测出来吗？,5
anonymized_1409,2024-09-15 18:15:45,2024-09-15 18:23:05,银行利息,“银行”对这个词的语义贡献了多少？,5,“利息”对这个词的整体语义贡献了多少？,5,这个词的意思能从它的组成成分的语义上推测出来吗？,5
anonymized_1409,2024-09-15 18:15:45,2024-09-15 18:23:05,人物性格,“人物”对这个词的语义贡献了多少？,5,“性格”对这个词的整体语义贡献了多少？,5,这个词的意思能从它的组成成分的语义上推测出来吗？,5
anonymized_1409,2024-09-15 18:15:45,2024-09-15 18:23:05,工作岗位,“工作”对这个词的语义贡献了多少？,5,“岗位”对这个词的整体语义贡献了多少？,5,这个词的意思能从它的组成成分的语义上推测出来吗？,5
anonymized_1409,2024-09-15 18:15:45,2024-09-15 18:23:05,盐路,“盐”对这个词的语义贡献了多少？,5,“路”对这个词的整体语义贡献了多少？,5,这个词的意思能从它的组成成分的语义上推测出来吗？,5
anonymized_1409,2024-09-15 18:15:45,2024-09-15 18:23:05,诗书,“诗”对这个词的语义贡献了多少？,5,“书”对这个词的整体语义贡献了多少？,5,这个词的意思能从它的组成成分的语义上推测出来吗？,5
anonymized_1409,2024-09-15 18:15:45,2024-09-15 18:23:05,小区业主,“小区”对这个词的语义贡献了多少？,5,“业主”对这个词的整体语义贡献了多少？,5,这个词的意思能从它的组成成分的语义上推测出来吗？,5
anonymized_1409,2024-09-15 18:15:45,2024-09-15 18:23:05,税收制度,“ 税收”对这个词的语义贡献了多少？,5,“制度”对这个词的整体语义贡献了多少？,5,这个词的意思能从它的组成成分的语义上推测出来吗？,5
anonymized_1409,2024-09-15 18:15:45,2024-09-15 18:23:05,电视栏目,“电视”对这个词的语义贡献了多少？,5,“栏目”对这个词的整体语义贡献了多少？,5,这个词的意思能从它的组成成分的语义上推测出来吗？,5
anonymized_1409,2024-09-15 18:15:45,2024-09-15 18:23:05,文化素质,“文化”对这个词的语义贡献了多少？,5,“素质”对这个词的整体语义贡献了多少？,5,这个词的意思能从它的组成成分的语义上推测出来吗？,5
anonymized_1409,2024-09-15 18:15:45,2024-09-15 18:23:05,茅草屋,“茅草”对这个词的语义贡献了多少？,5,“屋”对这个词的整体语义贡献了多少？,5,这个词的意思能从它的组成成分的语义上推测出来吗？,5
anonymized_1409,2024-09-15 18:15:45,2024-09-15 18:23:05,职工工资,“职工”对这个词的语义贡献了多少？,5,“工资”对这个词的整体语义贡献了多少？,5,这个词的意思能从它的组成成分的语义上推测出来吗？,5
anonymized_1409,2024-09-15 18:15:45,2024-09-15 18:23:05,油灯,“油”对这个词的语义贡献了多少？,5,“灯”对这个词的整体语义贡献了多少？,5,这个词的意思能从它的组成成分的语义上推测出来吗？,5
anonymized_1409,2024-09-15 18:15:45,2024-09-15 18:23:05,背景墙,“背景”对这个词的语义贡献了多少？,5,“墙”对这个词的整体语义贡献了多少？,5,这个词的意思能从它的组成成分的语义上推测出来吗？,5
anonymized_1409,2024-09-15 18:15:45,2024-09-15 18:23:05,奶油,“奶”对这个词的语义贡献了多少？,5,“油”对这个词的整体语义贡献了多少？,5,这个词的意思能从它的组成成分的语义上推测出来吗？,5
anonymized_9279,2024-09-16 05:49:05,2024-09-16 05:52:13,戏票,“戏”对这个词的语义贡献了多少？,3,“票”对这个词的整体语义贡献了多少？,3,这个词的意思能从它的组成成分的语义上推测出来吗？,5
anonymized_9279,2024-09-16 05:49:05,2024-09-16 05:52:13,公路桥,“公路”对这个词的语义贡献了多少？,3,“桥”对这个词的整体语义贡献了多少？,4,这个词的意思能从它的组成成分的语义上推测出来吗？,5
anonymized_9279,2024-09-16 05:49:05,2024-09-16 05:52:13,证书,”证”对这个词的语义贡献了多少？,3,“书”对这个词的整体语义贡献了多少？,3,这个词的意思能从它的组成成分的语义上推测出来吗？,5
anonymized_9279,2024-09-16 05:49:05,2024-09-16 05:52:13,动力车,“动力”对这个词的语义贡献了多少？,3,“车”对这个词的整体语义贡献了多少？,4,这个词的意思能从它的组成成分的语义上推测出来吗？,5
anonymized_9279,2024-09-16 05:49:05,2024-09-16 05:52:13,租税,“租”对这个词的语义贡献了多少？,3,“税”对这个词的整体语义贡献了多少？,3,这个词的意思能从它的组成成分的语义上推测出来吗？,5
anonymized_9279,2024-09-16 05:49:05,2024-09-16 05:52:13,草书,“草”对这个词的语义贡献了多少？,3,“书”对这个词的整体语义贡献了多少？,3,这个词的意思能从它的组成成分的语义上推测出来吗？,5
anonymized_9279,2024-09-16 05:49:05,2024-09-16 05:52:13,地质矿产,“地质”对这个词的语义贡献了多少？,3,“矿产”对这个词的整体语义贡献了多少？,4,这个词的意思能从它的组成成分的语义上推测出来吗？,5
anonymized_9279,2024-09-16 05:49:05,2024-09-16 05:52:13,医学专家,“医学”对这个词的语义贡献了多少？,3,“专家”对这个词的整体语义贡献了多少？,3,这个词的意思能从它的组成成分的语义上推测出来吗？,5
anonymized_9279,2024-09-16 05:49:05,2024-09-16 05:52:13,职工队伍,“职工”对这个词的语义贡献了多少？,3,“队伍”对这个词的整体语义贡献了多少？,3,这个词的意思能从它的组成成分的语义上推测出来吗？,5
anonymized_9279,2024-09-16 05:49:05,2024-09-16 05:52:13,车手,“ 车”对这个词的语义贡献了多少？,3,“ 手”对这个词的整体语义贡献了多少？,2,这个词的意思能从它的组成成分的语义上推测出来吗？,5
anonymized_9279,2024-09-16 05:49:05,2024-09-16 05:52:13,玻璃墙,“玻璃”对这个词的语义贡献了多少？,3,“墙”对这个词的整体语义贡献了多少？,3,这个词的意思能从它的组成成分的语义上推测出来吗？,5
anonymized_9279,2024-09-16 05:49:05,2024-09-16 05:52:13,银行利息,“银行”对这个词的语义贡献了多少？,3,“利息”对这个词的整体语义贡献了多少？,4,这个词的意思能从它的组成成分的语义上推测出来吗？,5
anonymized_9279,2024-09-16 05:49:05,2024-09-16 05:52:13,人物性格,“人物”对这个词的语义贡献了多少？,3,“性格”对这个词的整体语义贡献了多少？,3,这个词的意思能从它的组成成分的语义上推测出来吗？,5
anonymized_9279,2024-09-16 05:49:05,2024-09-16 05:52:13,工作岗位,“工作”对这个词的语义贡献了多少？,3,“岗位”对这个词的整体语义贡献了多少？,4,这个词的意思能从它的组成成分的语义上推测出来吗？,5
anonymized_9279,2024-09-16 05:49:05,2024-09-16 05:52:13,盐路,“盐”对这个词的语义贡献了多少？,3,“路”对这个词的整体语义贡献了多少？,3,这个词的意思能从它的组成成分的语义上推测出来吗？,5
anonymized_9279,2024-09-16 05:49:05,2024-09-16 05:52:13,诗书,“诗”对这个词的语义贡献了多少？,3,“书”对这个词的整体语义贡献了多少？,3,这个词的意思能从它的组成成分的语义上推测出来吗？,5
anonymized_9279,2024-09-16 05:49:05,2024-09-16 05:52:13,小区业主,“小区”对这个词的语义贡献了多少？,3,“业主”对这个词的整体语义贡献了多少？,4,这个词的意思能从它的组成成分的语义上推测出来吗？,5
anonymized_9279,2024-09-16 05:49:05,2024-09-16 05:52:13,税收制度,“ 税收”对这个词的语义贡献了多少？,3,“制度”对这个词的整体语义贡献了多少？,3,这个词的意思能从它的组成成分的语义上推测出来吗？,5
anonymized_9279,2024-09-16 05:49:05,2024-09-16 05:52:13,电视栏目,“电视”对这个词的语义贡献了多少？,3,“栏目”对这个词的整体语义贡献了多少？,3,这个词的意思能从它的组成成分的语义上推测出来吗？,5
anonymized_9279,2024-09-16 05:49:05,2024-09-16 05:52:13,文化素质,“文化”对这个词的语义贡献了多少？,3,“素质”对这个词的整体语义贡献了多少？,3,这个词的意思能从它的组成成分的语义上推测出来吗？,5
anonymized_9279,2024-09-16 05:49:05,2024-09-16 05:52:13,茅草屋,“茅草”对这个词的语义贡献了多少？,3,“屋”对这个词的整体语义贡献了多少？,3,这个词的意思能从它的组成成分的语义上推测出来吗？,5
anonymized_9279,2024-09-16 05:49:05,2024-09-16 05:52:13,职工工资,“职工”对这个词的语义贡献了多少？,3,“工资”对这个词的整体语义贡献了多少？,4,这个词的意思能从它的组成成分的语义上推测出来吗？,5
anonymized_9279,2024-09-16 05:49:05,2024-09-16 05:52:13,油灯,“油”对这个词的语义贡献了多少？,3,“灯”对这个词的整体语义贡献了多少？,3,这个词的意思能从它的组成成分的语义上推测出来吗？,5
anonymized_9279,2024-09-16 05:49:05,2024-09-16 05:52:13,背景墙,“背景”对这个词的语义贡献了多少？,3,“墙”对这个词的整体语义贡献了多少？,3,这个词的意思能从它的组成成分的语义上推测出来吗？,5
anonymized_9279,2024-09-16 05:49:05,2024-09-16 05:52:13,奶油,“奶”对这个词的语义贡献了多少？,3,“油”对这个词的整体语义贡献了多少？,3,这个词的意思能从它的组成成分的语义上推测出来吗？,5
anonymized_1520,2024-09-16 07:50:32,2024-09-16 08:04:53,戏票,“戏”对这个词的语义贡献了多少？,4,“票”对这个词的整体语义贡献了多少？,4,这个词的意思能从它的组成成分的语义上推测出来吗？,5
anonymized_1520,2024-09-16 07:50:32,2024-09-16 08:04:53,公路桥,“公路”对这个词的语义贡献了多少？,4,“桥”对这个词的整体语义贡献了多少？,4,这个词的意思能从它的组成成分的语义上推测出来吗？,4
anonymized_1520,2024-09-16 07:50:32,2024-09-16 08:04:53,证书,”证”对这个词的语义贡献了多少？,4,“书”对这个词的整体语义贡献了多少？,3,这个词的意思能从它的组成成分的语义上推测出来吗？,4
anonymized_1520,2024-09-16 07:50:32,2024-09-16 08:04:53,动力车,“动力”对这个词的语义贡献了多少？,4,“车”对这个词的整体语义贡献了多少？,4,这个词的意思能从它的组成成分的语义上推测出来吗？,5
anonymized_1520,2024-09-16 07:50:32,2024-09-16 08:04:53,租税,“租”对这个词的语义贡献了多少？,4,“税”对这个词的整体语义贡献了多少？,4,这个词的意思能从它的组成成分的语义上推测出来吗？,4
anonymized_1520,2024-09-16 07:50:32,2024-09-16 08:04:53,草书,“草”对这个词的语义贡献了多少？,3,“书”对这个词的整体语义贡献了多少？,4,这个词的意思能从它的组成成分的语义上推测出来吗？,3
anonymized_1520,2024-09-16 07:50:32,2024-09-16 08:04:53,地质矿产,“地质”对这个词的语义贡献了多少？,4,“矿产”对这个词的整体语义贡献了多少？,4,这个词的意思能从它的组成成分的语义上推测出来吗？,5
anonymized_1520,2024-09-16 07:50:32,2024-09-16 08:04:53,医学专家,“医学”对这个词的语义贡献了多少？,4,“专家”对这个词的整体语义贡献了多少？,4,这个词的意思能从它的组成成分的语义上推测出来吗？,5
anonymized_1520,2024-09-16 07:50:32,2024-09-16 08:04:53,职工队伍,“职工”对这个词的语义贡献了多少？,4,“队伍”对这个词的整体语义贡献了多少？,4,这个词的意思能从它的组成成分的语义上推测出来吗？,5
anonymized_1520,2024-09-16 07:50:32,2024-09-16 08:04:53,车手,“ 车”对这个词的语义贡献了多少？,4,“ 手”对这个词的整体语义贡献了多少？,4,这个词的意思能从它的组成成分的语义上推测出来吗？,5
anonymized_1520,2024-09-16 07:50:32,2024-09-16 08:04:53,玻璃墙,“玻璃”对这个词的语义贡献了多少？,4,“墙”对这个词的整体语义贡献了多少？,4,这个词的意思能从它的组成成分的语义上推测出来吗？,5
anonymized_1520,2024-09-16 07:50:32,2024-09-16 08:04:53,银行利息,“银行”对这个词的语义贡献了多少？,3,“利息”对这个词的整体语义贡献了多少？,4,这个词的意思能从它的组成成分的语义上推测出来吗？,5
anonymized_1520,2024-09-16 07:50:32,2024-09-16 08:04:53,人物性格,“人物”对这个词的语义贡献了多少？,3,“性格”对这个词的整体语义贡献了多少？,4,这个词的意思能从它的组成成分的语义上推测出来吗？,5
anonymized_1520,2024-09-16 07:50:32,2024-09-16 08:04:53,工作岗位,“工作”对这个词的语义贡献了多少？,4,“岗位”对这个词的整体语义贡献了多少？,4,这个词的意思能从它的组成成分的语义上推测出来吗？,5
anonymized_1520,2024-09-16 07:50:32,2024-09-16 08:04:53,盐路,“盐”对这个词的语义贡献了多少？,4,“路”对这个词的整体语义贡献了多少？,4,这个词的意思能从它的组成成分的语义上推测出来吗？,4
anonymized_1520,2024-09-16 07:50:32,2024-09-16 08:04:53,诗书,“诗”对这个词的语义贡献了多少？,4,“书”对这个词的整体语义贡献了多少？,4,这个词的意思能从它的组成成分的语义上推测出来吗？,4
anonymized_1520,2024-09-16 07:50:32,2024-09-16 08:04:53,小区业主,“小区”对这个词的语义贡献了多少？,4,“业主”对这个词的整体语义贡献了多少？,4,这个词的意思能从它的组成成分的语义上推测出来吗？,5
anonymized_1520,2024-09-16 07:50:32,2024-09-16 08:04:53,税收制度,“ 税收”对这个词的语义贡献了多少？,4,“制度”对这个词的整体语义贡献了多少？,4,这个词的意思能从它的组成成分的语义上推测出来吗？,5
anonymized_1520,2024-09-16 07:50:32,2024-09-16 08:04:53,电视栏目,“电视”对这个词的语义贡献了多少？,4,“栏目”对这个词的整体语义贡献了多少？,4,这个词的意思能从它的组成成分的语义上推测出来吗？,5
anonymized_1520,2024-09-16 07:50:32,2024-09-16 08:04:53,文化素质,“文化”对这个词的语义贡献了多少？,4,“素质”对这个词的整体语义贡献了多少？,4,这个词的意思能从它的组成成分的语义上推测出来吗？,5
anonymized_1520,2024-09-16 07:50:32,2024-09-16 08:04:53,茅草屋,“茅草”对这个词的语义贡献了多少？,4,“屋”对这个词的整体语义贡献了多少？,4,这个词的意思能从它的组成成分的语义上推测出来吗？,5
anonymized_1520,2024-09-16 07:50:32,2024-09-16 08:04:53,职工工资,“职工”对这个词的语义贡献了多少？,4,“工资”对这个词的整体语义贡献了多少？,4,这个词的意思能从它的组成成分的语义上推测出来吗？,5
anonymized_1520,2024-09-16 07:50:32,2024-09-16 08:04:53,油灯,“油”对这个词的语义贡献了多少？,4,“灯”对这个词的整体语义贡献了多少？,4,这个词的意思能从它的组成成分的语义上推测出来吗？,5
anonymized_1520,2024-09-16 07:50:32,2024-09-16 08:04:53,背景墙,“背景”对这个词的语义贡献了多少？,4,“墙”对这个词的整体语义贡献了多少？,4,这个词的意思能从它的组成成分的语义上推测出来吗？,5
anonymized_1520,2024-09-16 07:50:32,2024-09-16 08:04:53,奶油,“奶”对这个词的语义贡献了多少？,4,“油”对这个词的整体语义贡献了多少？,3,这个词的意思能从它的组成成分的语义上推测出来吗？,3
anonymized_9928,2024-09-16 10:45:52,2024-09-16 11:13:57,戏票,“戏”对这个词的语义贡献了多少？,5,“票”对这个词的整体语义贡献了多少？,5,这个词的意思能从它的组成成分的语义上推测出来吗？,5
anonymized_9928,2024-09-16 10:45:52,2024-09-16 11:13:57,公路桥,“公路”对这个词的语义贡献了多少？,5,“桥”对这个词的整体语义贡献了多少？,5,这个词的意思能从它的组成成分的语义上推测出来吗？,5
anonymized_9928,2024-09-16 10:45:52,2024-09-16 11:13:57,证书,”证”对这个词的语义贡献了多少？,4,“书”对这个词的整体语义贡献了多少？,3,这个词的意思能从它的组成成分的语义上推测出来吗？,4
anonymized_9928,2024-09-16 10:45:52,2024-09-16 11:13:57,动力车,“动力”对这个词的语义贡献了多少？,3,“车”对这个词的整体语义贡献了多少？,5,这个词的意思能从它的组成成分的语义上推测出来吗？,4
anonymized_9928,2024-09-16 10:45:52,2024-09-16 11:13:57,租税,“租”对这个词的语义贡献了多少？,5,“税”对这个词的整体语义贡献了多少？,5,这个词的意思能从它的组成成分的语义上推测出来吗？,3
anonymized_9928,2024-09-16 10:45:52,2024-09-16 11:13:57,草书,“草”对这个词的语义贡献了多少？,2,“书”对这个词的整体语义贡献了多少？,3,这个词的意思能从它的组成成分的语义上推测出来吗？,3
anonymized_9928,2024-09-16 10:45:52,2024-09-16 11:13:57,地质矿产,“地质”对这个词的语义贡献了多少？,4,“矿产”对这个词的整体语义贡献了多少？,5,这个词的意思能从它的组成成分的语义上推测出来吗？,4
anonymized_9928,2024-09-16 10:45:52,2024-09-16 11:13:57,医学专家,“医学”对这个词的语义贡献了多少？,5,“专家”对这个词的整体语义贡献了多少？,5,这个词的意思能从它的组成成分的语义上推测出来吗？,5
anonymized_9928,2024-09-16 10:45:52,2024-09-16 11:13:57,职工队伍,“职工”对这个词的语义贡献了多少？,5,“队伍”对这个词的整体语义贡献了多少？,4,这个词的意思能从它的组成成分的语义上推测出来吗？,4
anonymized_9928,2024-09-16 10:45:52,2024-09-16 11:13:57,车手,“ 车”对这个词的语义贡献了多少？,5,“ 手”对这个词的整体语义贡献了多少？,3,这个词的意思能从它的组成成分的语义上推测出来吗？,3
anonymized_9928,2024-09-16 10:45:52,2024-09-16 11:13:57,玻璃墙,“玻璃”对这个词的语义贡献了多少？,5,“墙”对这个词的整体语义贡献了多少？,5,这个词的意思能从它的组成成分的语义上推测出来吗？,5
anonymized_9928,2024-09-16 10:45:52,2024-09-16 11:13:57,银行利息,“银行”对这个词的语义贡献了多少？,5,“利息”对这个词的整体语义贡献了多少？,5,这个词的意思能从它的组成成分的语义上推测出来吗？,5
anonymized_9928,2024-09-16 10:45:52,2024-09-16 11:13:57,人物性格,“人物”对这个词的语义贡献了多少？,5,“性格”对这个词的整体语义贡献了多少？,5,这个词的意思能从它的组成成分的语义上推测出来吗？,5
anonymized_9928,2024-09-16 10:45:52,2024-09-16 11:13:57,工作岗位,“工作”对这个词的语义贡献了多少？,5,“岗位”对这个词的整体语义贡献了多少？,5,这个词的意思能从它的组成成分的语义上推测出来吗？,5
anonymized_9928,2024-09-16 10:45:52,2024-09-16 11:13:57,盐路,“盐”对这个词的语义贡献了多少？,5,“路”对这个词的整体语义贡献了多少？,5,这个词的意思能从它的组成成分的语义上推测出来吗？,4
anonymized_9928,2024-09-16 10:45:52,2024-09-16 11:13:57,诗书,“诗”对这个词的语义贡献了多少？,1,“书”对这个词的整体语义贡献了多少？,1,这个词的意思能从它的组成成分的语义上推测出来吗？,1
anonymized_9928,2024-09-16 10:45:52,2024-09-16 11:13:57,小区业主,“小区”对这个词的语义贡献了多少？,5,“业主”对这个词的整体语义贡献了多少？,5,这个词的意思能从它的组成成分的语义上推测出来吗？,5
anonymized_9928,2024-09-16 10:45:52,2024-09-16 11:13:57,税收制度,“ 税收”对这个词的语义贡献了多少？,5,“制度”对这个词的整体语义贡献了多少？,5,这个词的意思能从它的组成成分的语义上推测出来吗？,5
anonymized_9928,2024-09-16 10:45:52,2024-09-16 11:13:57,电视栏目,“电视”对这个词的语义贡献了多少？,5,“栏目”对这个词的整体语义贡献了多少？,5,这个词的意思能从它的组成成分的语义上推测出来吗？,5
anonymized_9928,2024-09-16 10:45:52,2024-09-16 11:13:57,文化素质,“文化”对这个词的语义贡献了多少？,4,“素质”对这个词的整体语义贡献了多少？,3,这个词的意思能从它的组成成分的语义上推测出来吗？,4
anonymized_9928,2024-09-16 10:45:52,2024-09-16 11:13:57,茅草屋,“茅草”对这个词的语义贡献了多少？,5,“屋”对这个词的整体语义贡献了多少？,5,这个词的意思能从它的组成成分的语义上推测出来吗？,5
anonymized_9928,2024-09-16 10:45:52,2024-09-16 11:13:57,职工工资,“职工”对这个词的语义贡献了多少？,5,“工资”对这个词的整体语义贡献了多少？,5,这个词的意思能从它的组成成分的语义上推测出来吗？,5
anonymized_9928,2024-09-16 10:45:52,2024-09-16 11:13:57,油灯,“油”对这个词的语义贡献了多少？,2,“灯”对这个词的整体语义贡献了多少？,5,这个词的意思能从它的组成成分的语义上推测出来吗？,3
anonymized_9928,2024-09-16 10:45:52,2024-09-16 11:13:57,背景墙,“背景”对这个词的语义贡献了多少？,3,“墙”对这个词的整体语义贡献了多少？,5,这个词的意思能从它的组成成分的语义上推测出来吗？,4
anonymized_9928,2024-09-16 10:45:52,2024-09-16 11:13:57,奶油,“奶”对这个词的语义贡献了多少？,5,“油”对这个词的整体语义贡献了多少？,3,这个词的意思能从它的组成成分的语义上推测出来吗？,4
anonymized_5506,2024-09-23 23:43:11,2024-09-23 23:45:16,戏票,“戏”对这个词的语义贡献了多少？,5,“票”对这个词的整体语义贡献了多少？,5,这个词的意思能从它的组成成分的语义上推测出来吗？,5
anonymized_5506,2024-09-23 23:43:11,2024-09-23 23:45:16,公路桥,“公路”对这个词的语义贡献了多少？,5,“桥”对这个词的整体语义贡献了多少？,5,这个词的意思能从它的组成成分的语义上推测出来吗？,5
anonymized_5506,2024-09-23 23:43:11,2024-09-23 23:45:16,证书,”证”对这个词的语义贡献了多少？,5,“书”对这个词的整体语义贡献了多少？,5,这个词的意思能从它的组成成分的语义上推测出来吗？,5
anonymized_5506,2024-09-23 23:43:11,2024-09-23 23:45:16,动力车,“动力”对这个词的语义贡献了多少？,5,“车”对这个词的整体语义贡献了多少？,5,这个词的意思能从它的组成成分的语义上推测出来吗？,5
anonymized_5506,2024-09-23 23:43:11,2024-09-23 23:45:16,租税,“租”对这个词的语义贡献了多少？,5,“税”对这个词的整体语义贡献了多少？,5,这个词的意思能从它的组成成分的语义上推测出来吗？,5
anonymized_5506,2024-09-23 23:43:11,2024-09-23 23:45:16,草书,“草”对这个词的语义贡献了多少？,3,“书”对这个词的整体语义贡献了多少？,5,这个词的意思能从它的组成成分的语义上推测出来吗？,3
anonymized_5506,2024-09-23 23:43:11,2024-09-23 23:45:16,地质矿产,“地质”对这个词的语义贡献了多少？,5,“矿产”对这个词的整体语义贡献了多少？,5,这个词的意思能从它的组成成分的语义上推测出来吗？,5
anonymized_5506,2024-09-23 23:43:11,2024-09-23 23:45:16,医学专家,“医学”对这个词的语义贡献了多少？,5,“专家”对这个词的整体语义贡献了多少？,5,这个词的意思能从它的组成成分的语义上推测出来吗？,5
anonymized_5506,2024-09-23 23:43:11,2024-09-23 23:45:16,职工队伍,“职工”对这个词的语义贡献了多少？,5,“队伍”对这个词的整体语义贡献了多少？,5,这个词的意思能从它的组成成分的语义上推测出来吗？,5
anonymized_5506,2024-09-23 23:43:11,2024-09-23 23:45:16,车手,“ 车”对这个词的语义贡献了多少？,5,“ 手”对这个词的整体语义贡献了多少？,3,这个词的意思能从它的组成成分的语义上推测出来吗？,3
anonymized_5506,2024-09-23 23:43:11,2024-09-23 23:45:16,玻璃墙,“玻璃”对这个词的语义贡献了多少？,5,“墙”对这个词的整体语义贡献了多少？,5,这个词的意思能从它的组成成分的语义上推测出来吗？,5
anonymized_5506,2024-09-23 23:43:11,2024-09-23 23:45:16,银行利息,“银行”对这个词的语义贡献了多少？,5,“利息”对这个词的整体语义贡献了多少？,5,这个词的意思能从它的组成成分的语义上推测出来吗？,5
anonymized_5506,2024-09-23 23:43:11,2024-09-23 23:45:16,人物性格,“人物”对这个词的语义贡献了多少？,5,“性格”对这个词的整体语义贡献了多少？,5,这个词的意思能从它的组成成分的语义上推测出来吗？,5
anonymized_5506,2024-09-23 23:43:11,2024-09-23 23:45:16,工作岗位,“工作”对这个词的语义贡献了多少？,5,“岗位”对这个词的整体语义贡献了多少？,5,这个词的意思能从它的组成成分的语义上推测出来吗？,5
anonymized_5506,2024-09-23 23:43:11,2024-09-23 23:45:16,盐路,“盐”对这个词的语义贡献了多少？,3,“路”对这个词的整体语义贡献了多少？,3,这个词的意思能从它的组成成分的语义上推测出来吗？,3
anonymized_5506,2024-09-23 23:43:11,2024-09-23 23:45:16,诗书,“诗”对这个词的语义贡献了多少？,5,“书”对这个词的整体语义贡献了多少？,5,这个词的意思能从它的组成成分的语义上推测出来吗？,5
anonymized_5506,2024-09-23 23:43:11,2024-09-23 23:45:16,小区业主,“小区”对这个词的语义贡献了多少？,5,“业主”对这个词的整体语义贡献了多少？,5,这个词的意思能从它的组成成分的语义上推测出来吗？,5
anonymized_5506,2024-09-23 23:43:11,2024-09-23 23:45:16,税收制度,“ 税收”对这个词的语义贡献了多少？,5,“制度”对这个词的整体语义贡献了多少？,5,这个词的意思能从它的组成成分的语义上推测出来吗？,5
anonymized_5506,2024-09-23 23:43:11,2024-09-23 23:45:16,电视栏目,“电视”对这个词的语义贡献了多少？,5,“栏目”对这个词的整体语义贡献了多少？,5,这个词的意思能从它的组成成分的语义上推测出来吗？,5
anonymized_5506,2024-09-23 23:43:11,2024-09-23 23:45:16,文化素质,“文化”对这个词的语义贡献了多少？,5,“素质”对这个词的整体语义贡献了多少？,5,这个词的意思能从它的组成成分的语义上推测出来吗？,5
anonymized_5506,2024-09-23 23:43:11,2024-09-23 23:45:16,茅草屋,“茅草”对这个词的语义贡献了多少？,5,“屋”对这个词的整体语义贡献了多少？,5,这个词的意思能从它的组成成分的语义上推测出来吗？,5
anonymized_5506,2024-09-23 23:43:11,2024-09-23 23:45:16,职工工资,“职工”对这个词的语义贡献了多少？,5,“工资”对这个词的整体语义贡献了多少？,5,这个词的意思能从它的组成成分的语义上推测出来吗？,5
anonymized_5506,2024-09-23 23:43:11,2024-09-23 23:45:16,油灯,“油”对这个词的语义贡献了多少？,5,“灯”对这个词的整体语义贡献了多少？,5,这个词的意思能从它的组成成分的语义上推测出来吗？,5
anonymized_5506,2024-09-23 23:43:11,2024-09-23 23:45:16,背景墙,“背景”对这个词的语义贡献了多少？,5,“墙”对这个词的整体语义贡献了多少？,5,这个词的意思能从它的组成成分的语义上推测出来吗？,5
anonymized_5506,2024-09-23 23:43:11,2024-09-23 23:45:16,奶油,“奶”对这个词的语义贡献了多少？,5,“油”对这个词的整体语义贡献了多少？,5,这个词的意思能从它的组成成分的语义上推测出来吗？,5
