participant_id,experiment,source_file,n_trials,n_complete_association_trials,text_n_chars,age,gender,nationality,first_language,occupation,stem_background
cfm_v4_1547111322f402483c37742ee80d6f713a63c33fbe_s,stella2026_formamentis_data,cfm_v4_1547111322f402483c37742ee80d6f713a63c33fbe_s.csv,10,10,3432,31,male,italian,,Scientific consultant,
cfm_v4_1547118362b43475194133526d1eba26d34816b776_s,stella2026_formamentis_data,cfm_v4_1547118362b43475194133526d1eba26d34816b776_s.csv,10,8,3488,32,female,french,,researcher,
cfm_v5_154763206882bef3c418337cffed6a1dfe5e35158a_s,stella2026_formamentis_data,cfm_v5_154763206882bef3c418337cffed6a1dfe5e35158a_s.csv,10,8,3499,42,male,spain,,Research Associate,
cfm_v5_154763235417d293be3eda1969a27665eecf3ec084_s,stella2026_formamentis_data,cfm_v5_154763235417d293be3eda1969a27665eecf3ec084_s.csv,10,10,3455,31,male,italian,,Data Scientist,
cfm_v5_15476325894a39eca512686dcdaa339c6928c0a524_s,stella2026_formamentis_data,cfm_v5_15476325894a39eca512686dcdaa339c6928c0a524_s.csv,10,10,3445,37,male,spanish,,Researcher,
cfm_v5_154763334237450bfff0761fe60bc0a61b2e2631b0_s,stella2026_formamentis_data,cfm_v5_154763334237450bfff0761fe60bc0a61b2e2631b0_s.csv,10,10,3474,23,male,indian,,Researcher,
cfm_v5_1547634439d25dbce39603e1960e8c58acc9f2fe75_s,stella2026_formamentis_data,cfm_v5_1547634439d25dbce39603e1960e8c58acc9f2fe75_s.csv,10,10,3394,42,male,greek,,researcher,
cfm_v5_15476352776f851df3191cf4593f6e500fb1eb3630_s,stella2026_formamentis_data,cfm_v5_15476352776f851df3191cf4593f6e500fb1eb3630_s.csv,10,10,3483,32,female,greek,,master student,
cfm_v5_1547640816bf87adf08aacb6f85e2883987b789aaf_s,stella2026_formamentis_data,cfm_v5_1547640816bf87adf08aacb6f85e2883987b789aaf_s.csv,10,8,3498,66,male,german,,biologist,
cfm_v5_1547643158b1401f003b3f05fc8061e6cde19d4fc4_s,stella2026_formamentis_data,cfm_v5_1547643158b1401f003b3f05fc8061e6cde19d4fc4_s.csv,10,10,3400,37,male,american,,Quality Assurance Analyst,
cfm_v5_1547645553491cbb0859bbc0d65d63c656cd974f0a_s,stella2026_formamentis_data,cfm_v5_1547645553491cbb0859bbc0d65d63c656cd974f0a_s.csv,10,10,3448,48,female,american,,Scientist,
cfm_v5_1547646290379a0c4067f7e1d415109071bb4bb54a_s,stella2026_formamentis_data,cfm_v5_1547646290379a0c4067f7e1d415109071bb4bb54a_s.csv,10,10,3498,,,,,,
cfm_v5_1547649923c85bb302fe9f31d5c175aad53be3be02_s,stella2026_formamentis_data,cfm_v5_1547649923c85bb302fe9f31d5c175aad53be3be02_s.csv,10,10,3620,21,male,macedonian,,Student,
cfm_v5_154765080351897d886b6d386b14dd16e72cf95c2d_s,stella2026_formamentis_data,cfm_v5_154765080351897d886b6d386b14dd16e72cf95c2d_s.csv,10,10,3475,18,male,macedonian,,student,
cfm_v5_15476765564892ca3d59bb149932f29fdbbc10e753_s,stella2026_formamentis_data,cfm_v5_15476765564892ca3d59bb149932f29fdbbc10e753_s.csv,10,10,3445,29,male,italian,,Teacher,
cfm_v5_15476794426cf898ca923546d66d8a428dd910e105_s,stella2026_formamentis_data,cfm_v5_15476794426cf898ca923546d66d8a428dd910e105_s.csv,10,10,3524,49,female,usa,,Retired,
cfm_v5_1547693333d4e49bfbedbb3a417c274267396395d1_s,stella2026_formamentis_data,cfm_v5_1547693333d4e49bfbedbb3a417c274267396395d1_s.csv,10,8,3490,32,male,american (usa),,graduate student,
cfm_v5_154769803152339ee0a5442727801a8b06f07caecb_s,stella2026_formamentis_data,cfm_v5_154769803152339ee0a5442727801a8b06f07caecb_s.csv,10,10,3445,19,male,united states of america,,Student,
cfm_v5_15477005312fccf1624123b99ebacfebcffd812c65_s,stella2026_formamentis_data,cfm_v5_15477005312fccf1624123b99ebacfebcffd812c65_s.csv,10,10,3503,69,male,gaelic,,physician,
cfm_v5_1547708038c82901e8022dff3c45517dfc12a47300_s,stella2026_formamentis_data,cfm_v5_1547708038c82901e8022dff3c45517dfc12a47300_s.csv,10,10,3454,59,female,swedish,,Psychology prof,
cfm_v5_15477112816f15017f681d465ac69d0a37c2f22e02_s,stella2026_formamentis_data,cfm_v5_15477112816f15017f681d465ac69d0a37c2f22e02_s.csv,10,10,3546,40,male,italian,,research - film direction,
cfm_v5_1547713820f17dfdcccb851b5aa67348f35e1fc5ac_s,stella2026_formamentis_data,cfm_v5_1547713820f17dfdcccb851b5aa67348f35e1fc5ac_s.csv,10,10,3465,77,male,italian,,Retired teacher,
cfm_v5_154771580951f897d31f6bd12e4618ac75bd35edbc_s,stella2026_formamentis_data,cfm_v5_154771580951f897d31f6bd12e4618ac75bd35edbc_s.csv,10,10,3437,28,female,italian,,Researcher,
cfm_v5_1547717229c7d343d9996d49310f158ac190c7bf59_s,stella2026_formamentis_data,cfm_v5_1547717229c7d343d9996d49310f158ac190c7bf59_s.csv,10,10,3437,35,male,italian,,Researcher,
cfm_v5_1547717687ed38c8c2db7391f8f36129a9dca6dcb9_s,stella2026_formamentis_data,cfm_v5_1547717687ed38c8c2db7391f8f36129a9dca6dcb9_s.csv,10,10,3460,50,female,italian,,Housewife,
cfm_v5_1547717696c90067715e08cd8e1bc3ddb15547db22_s,stella2026_formamentis_data,cfm_v5_1547717696c90067715e08cd8e1bc3ddb15547db22_s.csv,10,10,3425,28,male,italian,,PhD,
cfm_v5_1547718192922b5958bfef8aa4cb4c6b39fe383954_s,stella2026_formamentis_data,cfm_v5_1547718192922b5958bfef8aa4cb4c6b39fe383954_s.csv,10,10,3445,29,male,german,,researcher (PhD-student),
cfm_v5_15477195678ed9f57d9ec4e3242162d7bff58b6d1c_s,stella2026_formamentis_data,cfm_v5_15477195678ed9f57d9ec4e3242162d7bff58b6d1c_s.csv,10,10,3467,23,male,italian,,Student,
cfm_v5_1547722343d7228bb99117d0196e895d7efe320dad_s,stella2026_formamentis_data,cfm_v5_1547722343d7228bb99117d0196e895d7efe320dad_s.csv,10,10,3454,31,female,spanish,,Postdoc,
cfm_v5_15477239485351859df947ed6b4b81f447043a825a_s,stella2026_formamentis_data,cfm_v5_15477239485351859df947ed6b4b81f447043a825a_s.csv,10,10,3475,20,male,italian,,Student,
cfm_v5_1547732907b65fd6db7b36cd4d8301318fa8183e37_s,stella2026_formamentis_data,cfm_v5_1547732907b65fd6db7b36cd4d8301318fa8183e37_s.csv,10,10,3471,29,male,italian,,Software developer,
cfm_v5_1547746117fa106e0bf35e34ee4c0b2c6dfecda836_s,stella2026_formamentis_data,cfm_v5_1547746117fa106e0bf35e34ee4c0b2c6dfecda836_s.csv,10,10,3451,31,male,italian,,Lecturer,
cfm_v5_15477470436b11c6e3fea3e2cf6ba3a4be0678b182_s,stella2026_formamentis_data,cfm_v5_15477470436b11c6e3fea3e2cf6ba3a4be0678b182_s.csv,10,10,3493,26,male,british,,Academic,
cfm_v5_1547753773d2f579c2b1a3c11744b828bca6e6795d_s,stella2026_formamentis_data,cfm_v5_1547753773d2f579c2b1a3c11744b828bca6e6795d_s.csv,10,9,3486,69,male,usa,,physician,
cfm_v5_1547758903fff574ff85e8c6472d2abd7cb8aa87c9_s,stella2026_formamentis_data,cfm_v5_1547758903fff574ff85e8c6472d2abd7cb8aa87c9_s.csv,10,10,3473,28,female,dutch,,PhD student,
cfm_v5_15477624854bd9eb6ed351cec6d7e289717d375053_s,stella2026_formamentis_data,cfm_v5_15477624854bd9eb6ed351cec6d7e289717d375053_s.csv,10,10,3514,41,female,american,,Teacher,
cfm_v5_154778567130099649966f37c7791ff1693e0fc9d1_s,stella2026_formamentis_data,cfm_v5_154778567130099649966f37c7791ff1693e0fc9d1_s.csv,10,10,3438,21,male,united states,,Student,
cfm_v5_15478060988dacfb766ff6e0053fc3ef86e690aa39_s,stella2026_formamentis_data,cfm_v5_15478060988dacfb766ff6e0053fc3ef86e690aa39_s.csv,10,10,3428,67,female,italian,,Housewife,
cfm_v5_1547806606e035cc7a35dd2353bff71ec4c8e8ab78_s,stella2026_formamentis_data,cfm_v5_1547806606e035cc7a35dd2353bff71ec4c8e8ab78_s.csv,10,10,3440,75,male,italian,,Retired professional,
cfm_v5_154780694177c6249ea2a687465febcfdc45dc0085_s,stella2026_formamentis_data,cfm_v5_154780694177c6249ea2a687465febcfdc45dc0085_s.csv,10,8,3452,31,male,italian,,Academia,
cfm_v5_1547895200ad8af7e154c694f79d4a2b3246f135bf_s,stella2026_formamentis_data,cfm_v5_1547895200ad8af7e154c694f79d4a2b3246f135bf_s.csv,10,10,3444,31,male,italian,,Data Scientist,
cfm_v5_1547996070abec9304f048147f67b8dbd654f4bbb3_s,stella2026_formamentis_data,cfm_v5_1547996070abec9304f048147f67b8dbd654f4bbb3_s.csv,10,10,3445,54,female,us,,Teacher,
cfm_v5_154800268127a02adadf2760cb230e439808dbe055_s,stella2026_formamentis_data,cfm_v5_154800268127a02adadf2760cb230e439808dbe055_s.csv,10,10,3408,26,male,american,,Graduate Teaching Assistant,
cfm_v5_15480073409d5514ebe0957d10a6a3bce14cc6f822_s,stella2026_formamentis_data,cfm_v5_15480073409d5514ebe0957d10a6a3bce14cc6f822_s.csv,10,10,3467,50,male,german,,Professor,
cfm_v5_1548012099ba94a0270fad9e656c26280c2575cc11_s,stella2026_formamentis_data,cfm_v5_1548012099ba94a0270fad9e656c26280c2575cc11_s.csv,10,10,3443,59,male,german,,Researcher,
cfm_v5_1548060440cf08d0f3f6b56a7c3f34de3e19045ef8_s,stella2026_formamentis_data,cfm_v5_1548060440cf08d0f3f6b56a7c3f34de3e19045ef8_s.csv,10,10,3452,28,female,belgian,,researcher,
cfm_v5_15481000876acc162f89381327b34a0cbd03dd66e1_s,stella2026_formamentis_data,cfm_v5_15481000876acc162f89381327b34a0cbd03dd66e1_s.csv,10,10,3447,50,male,dutch,,lecturer,
cfm_v5_154810705967347ae6f515d8108b96356043e80f0d_s,stella2026_formamentis_data,cfm_v5_154810705967347ae6f515d8108b96356043e80f0d_s.csv,10,10,3431,48,female,spanish,,Lecturer,
cfm_v5_154815209566677108d323479f5132fa2091715bcc_s,stella2026_formamentis_data,cfm_v5_154815209566677108d323479f5132fa2091715bcc_s.csv,10,10,3444,41,female,australian,,Teacher,
cfm_v5_1548157424f5c4ce6a8a5f4fb9411f14fd4bfb80c7_s,stella2026_formamentis_data,cfm_v5_1548157424f5c4ce6a8a5f4fb9411f14fd4bfb80c7_s.csv,10,10,3416,39,male,italian,,business manager,
cfm_v5_1548162258daf06e03d00720df904d6b9b1aa72f72_s,stella2026_formamentis_data,cfm_v5_1548162258daf06e03d00720df904d6b9b1aa72f72_s.csv,10,10,3458,28,male,usa,,PhD student,
cfm_v5_154816301513c8273e505fff9e4bdc70a9ed9645e3_s,stella2026_formamentis_data,cfm_v5_154816301513c8273e505fff9e4bdc70a9ed9645e3_s.csv,10,9,3511,40,male,dutch,,university professor,
cfm_v5_1548331785597ba620fa8b353f8bfb7ff684ce03f8_s,stella2026_formamentis_data,cfm_v5_1548331785597ba620fa8b353f8bfb7ff684ce03f8_s.csv,10,10,3445,53,female,dutch,,consultant,
cfm_v5_1548361438e89ec10a59d4b2bbbbcf9ab0be70f574_s,stella2026_formamentis_data,cfm_v5_1548361438e89ec10a59d4b2bbbbcf9ab0be70f574_s.csv,10,9,3448,28,male,italian,,Student,
cfm_v5_154837130007567ce0c4d500606f41833136c9a865_s,stella2026_formamentis_data,cfm_v5_154837130007567ce0c4d500606f41833136c9a865_s.csv,10,10,3455,27,male,chinese,,Student,
cfm_v5_1548421043399401446a65088f6f1d5f1cfcfe857d_s,stella2026_formamentis_data,cfm_v5_1548421043399401446a65088f6f1d5f1cfcfe857d_s.csv,10,10,3431,44,male,croatian,,scientist (physicist),
cfm_v5_1548451146a7beca6605600827b966d093e146cc37_s,stella2026_formamentis_data,cfm_v5_1548451146a7beca6605600827b966d093e146cc37_s.csv,10,10,3439,47,male,brazilian,,Public worker,
cfm_v5_15486768919246c4ee770d1aed91a87be440f35194_s,stella2026_formamentis_data,cfm_v5_15486768919246c4ee770d1aed91a87be440f35194_s.csv,10,10,3484,22,male,citizen of serbia,,undergrad. student,
cfm_v5_1548676942922c7fb59fe37d3dc95ca81af63ac0ed_s,stella2026_formamentis_data,cfm_v5_1548676942922c7fb59fe37d3dc95ca81af63ac0ed_s.csv,10,10,3433,23,male,serbian,,student,
cfm_v5_1548676963bf26952e96fd2015ee9ca6ed9a13d0d6_s,stella2026_formamentis_data,cfm_v5_1548676963bf26952e96fd2015ee9ca6ed9a13d0d6_s.csv,10,10,3470,28,male,norwegian,,Student,
cfm_v5_15486775158a4afe642e5c37f64c7bb0394b1a2b8f_s,stella2026_formamentis_data,cfm_v5_15486775158a4afe642e5c37f64c7bb0394b1a2b8f_s.csv,10,10,3442,31,female,italian,,Researcher,
cfm_v5_154867787311712c26e6a38669b47fadb6a20133fc_s,stella2026_formamentis_data,cfm_v5_154867787311712c26e6a38669b47fadb6a20133fc_s.csv,10,8,3460,32,male,dutch,,researcher,
cfm_v5_1548678288afd7e0077b6fde4db38cfc321cfce73a_s,stella2026_formamentis_data,cfm_v5_1548678288afd7e0077b6fde4db38cfc321cfce73a_s.csv,10,10,3670,22,male,serbian,,Historian,
cfm_v5_1548679898fd45e14c309cfd09dfdc577bb6a8eab6_s,stella2026_formamentis_data,cfm_v5_1548679898fd45e14c309cfd09dfdc577bb6a8eab6_s.csv,10,10,3467,29,female,english,,post-doctoral research associate,
cfm_v5_15486810023ff508134a14a603a79ac4ddcba73a9c_s,stella2026_formamentis_data,cfm_v5_15486810023ff508134a14a603a79ac4ddcba73a9c_s.csv,10,10,3445,20,female,serbian,,Student,
cfm_v5_1548682396720598e5f067861ed05dabaea33fa8c3_s,stella2026_formamentis_data,cfm_v5_1548682396720598e5f067861ed05dabaea33fa8c3_s.csv,10,9,3454,22,female,serbian,,psychology student,
cfm_v5_1548683737141cd20ca45c521d3c4562334dcb0714_s,stella2026_formamentis_data,cfm_v5_1548683737141cd20ca45c521d3c4562334dcb0714_s.csv,10,8,3483,31,female,german,,Regulatory Affairs Manager,
cfm_v5_1548688285e15f9af592163635d9d261548753474e_s,stella2026_formamentis_data,cfm_v5_1548688285e15f9af592163635d9d261548753474e_s.csv,10,10,3467,19,female,serbian,,college student,
cfm_v5_1548690599a47cb12530066044acc96d58cbc55f5d_s,stella2026_formamentis_data,cfm_v5_1548690599a47cb12530066044acc96d58cbc55f5d_s.csv,10,10,3450,39,female,serbian,,scientest,
cfm_v5_1548692568967bc6f895cfd61f498f9e5ffb8febc2_s,stella2026_formamentis_data,cfm_v5_1548692568967bc6f895cfd61f498f9e5ffb8febc2_s.csv,10,10,3518,25,male,serbian,,Student of Philosophy,
cfm_v5_15487015618bf937cb466c4f4912bebcfa32d6e81c_s,stella2026_formamentis_data,cfm_v5_15487015618bf937cb466c4f4912bebcfa32d6e81c_s.csv,10,10,3478,33,female,,,research associate,
cfm_v5_154870383230527dbc653defe521d71ab978b593a7_s,stella2026_formamentis_data,cfm_v5_154870383230527dbc653defe521d71ab978b593a7_s.csv,10,10,3468,38,male,serbia,,physicist,
cfm_v5_154872710841f94223d047ef13b4e0f9911288c6b3_s,stella2026_formamentis_data,cfm_v5_154872710841f94223d047ef13b4e0f9911288c6b3_s.csv,10,10,3520,28,masculine,french,french,Scientist (physicist),
cfm_v5_1548747721f758d1740d644aa532070bf2bc3cdf9a_s,stella2026_formamentis_data,cfm_v5_1548747721f758d1740d644aa532070bf2bc3cdf9a_s.csv,10,8,3510,27,male,serbian,serbian,PhD student in physics,
cfm_v5_154876637167c7b6c258f76260aeae010295394ecd_s,stella2026_formamentis_data,cfm_v5_154876637167c7b6c258f76260aeae010295394ecd_s.csv,10,9,3493,27,female,,,Engineer,
cfm_v5_1548771359047ff650ec77dfaf208db497af883d18_s,stella2026_formamentis_data,cfm_v5_1548771359047ff650ec77dfaf208db497af883d18_s.csv,10,10,3453,33,female,serbian,serbian,special educator,
cfm_v5_1548786336fa837ce0f044cabf10719ea134a63c35_s,stella2026_formamentis_data,cfm_v5_1548786336fa837ce0f044cabf10719ea134a63c35_s.csv,10,9,3463,42,female,usa,english,director of research lab,
cfm_v5_15487874456a9c6827da5e32ac36dd8902fa01e32c_s,stella2026_formamentis_data,cfm_v5_15487874456a9c6827da5e32ac36dd8902fa01e32c_s.csv,10,10,3491,20,feminine,serbian,serbian,student,
cfm_v5_15488811193d81543186730dad2d65bef4f51d8b55_s,stella2026_formamentis_data,cfm_v5_15488811193d81543186730dad2d65bef4f51d8b55_s.csv,10,10,3444,37,female,i live in serbia,serbo-croatian,precarious part-time teacher and researcher,
cfm_v5_154893858217bc8e409a57f547caa9d6067aa58e8d_s,stella2026_formamentis_data,cfm_v5_154893858217bc8e409a57f547caa9d6067aa58e8d_s.csv,10,9,3730,27,female,moroccan,arabic,PhD Candidate,
cfm_v5_1548957343c58665461b61f06b28bf97b3495b9f82_s,stella2026_formamentis_data,cfm_v5_1548957343c58665461b61f06b28bf97b3495b9f82_s.csv,10,10,3450,34,female,pakistani,sindhi,teacher,
cfm_v5_15489592687d7f22a713796966bf19b7e33fc431a8_s,stella2026_formamentis_data,cfm_v5_15489592687d7f22a713796966bf19b7e33fc431a8_s.csv,10,10,3444,33,female,us,english,data scientist,
cfm_v5_1548972326335f1dbe99335955b6d3ea6b79d6e4e0_s,stella2026_formamentis_data,cfm_v5_1548972326335f1dbe99335955b6d3ea6b79d6e4e0_s.csv,10,10,3446,30,female,usa,english,Higher-Education,
cfm_v5_1549001945d09035b8bb5811bec531a5dc600718ff_s,stella2026_formamentis_data,cfm_v5_1549001945d09035b8bb5811bec531a5dc600718ff_s.csv,10,10,3444,48,female,american,englsh,professor,
cfm_v5_1549022703dc3ec5d1ce0c6c7fdeeb30bfda867c35_s,stella2026_formamentis_data,cfm_v5_1549022703dc3ec5d1ce0c6c7fdeeb30bfda867c35_s.csv,10,10,3425,22,female,serbian,serbian,Student,
cfm_v5_154903508505290c490f2e24a7ccd047cb12bb88c9_s,stella2026_formamentis_data,cfm_v5_154903508505290c490f2e24a7ccd047cb12bb88c9_s.csv,10,10,3445,31,female,italian,italian,researcher,
cfm_v5_1549101612137f2ae33bd9d74247cef86a34dba48b_s,stella2026_formamentis_data,cfm_v5_1549101612137f2ae33bd9d74247cef86a34dba48b_s.csv,10,10,3522,20,female,serbian,serbian,Chemistry student,
cfm_v5_154928264383dddafb612238807ed3900d016537cc_s,stella2026_formamentis_data,cfm_v5_154928264383dddafb612238807ed3900d016537cc_s.csv,10,10,3446,26,female,pakistani,urdu,Freelancer Computer Scientist,
cfm_v5_1549471599585d586602eef47650b53403883481ac_s,stella2026_formamentis_data,cfm_v5_1549471599585d586602eef47650b53403883481ac_s.csv,10,10,3458,26,female,sweden & usa,swedish & english,Graduate Researcher,
cfm_v5_1549629202f569962e46f6e170e9c8ba3bac5e41ce_s,stella2026_formamentis_data,cfm_v5_1549629202f569962e46f6e170e9c8ba3bac5e41ce_s.csv,10,10,3483,38,female,italian,italian,researcher,
cfm_v5_15496301728fd93d6e6d633a289a7fc1704f7e4023_s,stella2026_formamentis_data,cfm_v5_15496301728fd93d6e6d633a289a7fc1704f7e4023_s.csv,10,10,3465,27,female,italian,italian,PhD student,
cfm_v5_154963078558342b2f28dfb39fe494487411a17161_s,stella2026_formamentis_data,cfm_v5_154963078558342b2f28dfb39fe494487411a17161_s.csv,10,10,3494,36,male,italian,italian,Data-science,
cfm_v5_154963082014332b2a6d8bee708109da3112965323_s,stella2026_formamentis_data,cfm_v5_154963082014332b2a6d8bee708109da3112965323_s.csv,10,10,3446,33,male,italian,italian,data scientist,
cfm_v5_1549631805df994df60151498b2a864c9d3984c8eb_s,stella2026_formamentis_data,cfm_v5_1549631805df994df60151498b2a864c9d3984c8eb_s.csv,10,10,3470,22,male,french,french,student,
cfm_v5_1549633791d61db81d5fd686e3e2f9f59ad033dc63_s,stella2026_formamentis_data,cfm_v5_1549633791d61db81d5fd686e3e2f9f59ad033dc63_s.csv,10,10,3487,29,male,italian,italian,Data Science Employee,
cfm_v5_1549907572c782a9a152fe6021108627f6c51ce43a_s,stella2026_formamentis_data,cfm_v5_1549907572c782a9a152fe6021108627f6c51ce43a_s.csv,10,10,3432,36,male,usa,english,professor,
cfm_v5_15499093297f232b7cbfe51caf744a680af21290d2_s,stella2026_formamentis_data,cfm_v5_15499093297f232b7cbfe51caf744a680af21290d2_s.csv,10,10,3462,35,male,uk,english,dr,
cfm_v5_154991217561ebeec7b641fee863803319c3236489_s,stella2026_formamentis_data,cfm_v5_154991217561ebeec7b641fee863803319c3236489_s.csv,10,10,3434,25,male,british,enlish,PhD Student,
cfm_v5_1549992377aee8377f9dc776a8dcd3048320aa6872_s,stella2026_formamentis_data,cfm_v5_1549992377aee8377f9dc776a8dcd3048320aa6872_s.csv,10,9,3472,27,male,polish,polish,scientist,
cfm_v5_15501033208a8365ba3db784d497b97a26f8a523fd_s,stella2026_formamentis_data,cfm_v5_15501033208a8365ba3db784d497b97a26f8a523fd_s.csv,10,10,3755,26,male,canadian,english,Student,
cfm_v5_15507870010f07427c8a10ddcc38c43790ebfeef22_s,stella2026_formamentis_data,cfm_v5_15507870010f07427c8a10ddcc38c43790ebfeef22_s.csv,10,10,3432,37,male,italian,italian,Compliance Officer in the financial sector,
cfm_v6_1559211160b77bff5b10adfface9cba380da07f5cd_s,stella2026_formamentis_data,cfm_v6_1559211160b77bff5b10adfface9cba380da07f5cd_s.csv,10,10,3474,49,male,netherlands,dutch,scientist,3
cfm_v6_15592112062649e9fb122bc55d352d5d71bc9ef8fe_s,stella2026_formamentis_data,cfm_v6_15592112062649e9fb122bc55d352d5d71bc9ef8fe_s.csv,10,10,3451,39,female,british,english,science writer / educational research,3
cfm_v6_15592113719fab43ba665436fe676d311269e97c90_s,stella2026_formamentis_data,cfm_v6_15592113719fab43ba665436fe676d311269e97c90_s.csv,10,10,3464,30,female,uk,english,SCIENCE COMMUNICATOR,3
cfm_v6_1559211383b583aaac283d71d5c2c81e3dcc1f3a8e_s,stella2026_formamentis_data,cfm_v6_1559211383b583aaac283d71d5c2c81e3dcc1f3a8e_s.csv,10,10,3448,23,female/questioning,british,british english,MSc Science Communication student,3
cfm_v6_155921141341c8c255c3740f2d5a83e6efba47edeb_s,stella2026_formamentis_data,cfm_v6_155921141341c8c255c3740f2d5a83e6efba47edeb_s.csv,10,10,3483,60,male,british,english,engineer,3
cfm_v6_155921145452e25ba8b2507725ef2ff282c7a2ea1f_s,stella2026_formamentis_data,cfm_v6_155921145452e25ba8b2507725ef2ff282c7a2ea1f_s.csv,10,10,3499,27,male,united kingdom,english,Science Communciation Researcher,1
cfm_v6_155921172809326d76bcaa9c415e753267bb8cc43d_s,stella2026_formamentis_data,cfm_v6_155921172809326d76bcaa9c415e753267bb8cc43d_s.csv,10,10,3473,46,female,uk,english,science writer,3
cfm_v6_15592119070a650f455c9d2d0fad999de5482d2d2d_s,stella2026_formamentis_data,cfm_v6_15592119070a650f455c9d2d0fad999de5482d2d2d_s.csv,10,10,3478,55,female,british european,bilingual english spanish,Consultant (engineering skills),3
cfm_v6_15592122957f3312ff23953409dd744f41b79d1fba_s,stella2026_formamentis_data,cfm_v6_15592122957f3312ff23953409dd744f41b79d1fba_s.csv,10,10,3475,27,female,british,english,Science Communicator,3
cfm_v6_15592124310c4fb13aa0960a9ec1a6b474df15d9b2_s,stella2026_formamentis_data,cfm_v6_15592124310c4fb13aa0960a9ec1a6b474df15d9b2_s.csv,10,9,3466,29,female,uk,british,education programme developer,3
cfm_v6_15592126059b7e5424ce5b6c0c73c5603a17d0ec0d_s,stella2026_formamentis_data,cfm_v6_15592126059b7e5424ce5b6c0c73c5603a17d0ec0d_s.csv,10,10,3436,45,female,american,english,author/marine biologist/mum,3
cfm_v6_1559212644a3c728bfdb64f1e8ec6a4b96ccb59569_s,stella2026_formamentis_data,cfm_v6_1559212644a3c728bfdb64f1e8ec6a4b96ccb59569_s.csv,10,10,3448,30,female,british,english,Product Manager,3
cfm_v6_15592130557c57cb5acf8dd3fc7a273370ab6d0b81_s,stella2026_formamentis_data,cfm_v6_15592130557c57cb5acf8dd3fc7a273370ab6d0b81_s.csv,10,10,3475,26,male,indian,hindi,Outreach Manager,3
cfm_v6_1559213437e7c79f088bed2a15bd89b003c17a468c_s,stella2026_formamentis_data,cfm_v6_1559213437e7c79f088bed2a15bd89b003c17a468c_s.csv,10,9,3441,31,female,spanish,spanish,Science Communicator at the Natural History Museum,3
cfm_v6_1559213638d486d49ffc621367f20e64bc54028ced_s,stella2026_formamentis_data,cfm_v6_1559213638d486d49ffc621367f20e64bc54028ced_s.csv,10,8,3455,26,female,british,english,phd student,2
cfm_v6_15592142110439a8e411f7bf688b640c25521831ea_s,stella2026_formamentis_data,cfm_v6_15592142110439a8e411f7bf688b640c25521831ea_s.csv,10,8,3503,44,female,portuguese,portuguese,faculty,3
cfm_v6_1559214328b688d89e3f7d32f2705b63af7515a2af_s,stella2026_formamentis_data,cfm_v6_1559214328b688d89e3f7d32f2705b63af7515a2af_s.csv,10,10,3475,23,male,spanish,spanish,Student (Masters),2
cfm_v6_15592145501fa27aaf9f6cc53907e005d921b7ecce_s,stella2026_formamentis_data,cfm_v6_15592145501fa27aaf9f6cc53907e005d921b7ecce_s.csv,10,10,3446,24,female,indian,hindi,Science Communicator,3
cfm_v6_15592168252b42d8fb657d3bd05fd4d599c0abefd8_s,stella2026_formamentis_data,cfm_v6_15592168252b42d8fb657d3bd05fd4d599c0abefd8_s.csv,10,10,3458,68,male,english,english,Retired,1
cfm_v6_155921734824b1f7b9b8dbee549bd69007d8d85ea7_s,stella2026_formamentis_data,cfm_v6_155921734824b1f7b9b8dbee549bd69007d8d85ea7_s.csv,10,10,3463,57,male,uk,english,STEM Teacher,3
cfm_v6_155921767727728bed3b2556527a9e9ecd7d71215a_s,stella2026_formamentis_data,cfm_v6_155921767727728bed3b2556527a9e9ecd7d71215a_s.csv,10,10,3461,33,female,british,english,Public Engagement Manager,3
cfm_v6_15592195792a2d24fd9d37c9657f6ebc59d455915a_s,stella2026_formamentis_data,cfm_v6_15592195792a2d24fd9d37c9657f6ebc59d455915a_s.csv,10,10,3451,25,female,british,english,Tutor/science communicator,2
cfm_v6_15592195895efcf5292c4e57d67a89f001f91851cd_s,stella2026_formamentis_data,cfm_v6_15592195895efcf5292c4e57d67a89f001f91851cd_s.csv,10,10,3442,25,female,british,english,STEM public engagement,3
cfm_v6_1559223679f6242b830647bfd46145492fa484c816_s,stella2026_formamentis_data,cfm_v6_1559223679f6242b830647bfd46145492fa484c816_s.csv,10,10,3470,26,female,scottish,english,policy officer,3
cfm_v6_155922444354b5c2d8007d23f769d9ad7807ad97d6_s,stella2026_formamentis_data,cfm_v6_155922444354b5c2d8007d23f769d9ad7807ad97d6_s.csv,10,10,3444,49,female,british,english,Public Engagement Officer,3
cfm_v6_15592254694f0abd835973305702df0b3697abda4f_s,stella2026_formamentis_data,cfm_v6_15592254694f0abd835973305702df0b3697abda4f_s.csv,10,9,3527,49,male,british,english,Local Government Officer,2
cfm_v6_1559228219eca86e6d88eca722da3ff4bfc8e68ee1_s,stella2026_formamentis_data,cfm_v6_1559228219eca86e6d88eca722da3ff4bfc8e68ee1_s.csv,10,10,3445,32,female,british,english,Public Engagement Officer,3
cfm_v6_1559235782892f90235f1162b9423854f7d7ec476c_s,stella2026_formamentis_data,cfm_v6_1559235782892f90235f1162b9423854f7d7ec476c_s.csv,10,10,3500,45,female,american,english,University Teacher/Lecturer,3
cfm_v6_1559239083eaee16b289ac5f3d7cf3ebdbd46a9f5b_s,stella2026_formamentis_data,cfm_v6_1559239083eaee16b289ac5f3d7cf3ebdbd46a9f5b_s.csv,10,10,3490,23,non-binary,british,english,PGCE student,3
cfm_v6_15592453103ee5af94c62bc7a85e2ec8380a2e3a4c_s,stella2026_formamentis_data,cfm_v6_15592453103ee5af94c62bc7a85e2ec8380a2e3a4c_s.csv,10,10,3448,47,female,british,english,editor,3
cfm_v6_1559249046ab6164e53b1f77403e807962d423eb80_s,stella2026_formamentis_data,cfm_v6_1559249046ab6164e53b1f77403e807962d423eb80_s.csv,10,10,3450,30,female,american,english,"science communicator, social media manager, PhD student",3
cfm_v6_15592533789dc1a7caf1fe703a1f536019c0c3fd00_s,stella2026_formamentis_data,cfm_v6_15592533789dc1a7caf1fe703a1f536019c0c3fd00_s.csv,10,10,3428,40,female,uk,british,Teacher,3
cfm_v6_1559285272ae722af516e347a91dd3b9235c73de86_s,stella2026_formamentis_data,cfm_v6_1559285272ae722af516e347a91dd3b9235c73de86_s.csv,10,10,3436,39,female,uk,english,Pr manager with a science degree,1
cfm_v6_1559289405a40c49158437bd8849ae31cf52b6ca53_s,stella2026_formamentis_data,cfm_v6_1559289405a40c49158437bd8849ae31cf52b6ca53_s.csv,10,9,3466,45,female,british,english,Director,1
cfm_v6_1559290147bc42af492b5ff5f031dd1c4a3b17f70f_s,stella2026_formamentis_data,cfm_v6_1559290147bc42af492b5ff5f031dd1c4a3b17f70f_s.csv,10,10,3463,32,female,british,english,University administrator,3
cfm_v6_1559300761b683e8f9ccd965926071c1df87b73f94_s,stella2026_formamentis_data,cfm_v6_1559300761b683e8f9ccd965926071c1df87b73f94_s.csv,10,8,3453,28,female,british,english,Learning Coordinator (STEM),3
cfm_v6_155933143077b4af059481a0337efb96dcac711155_s,stella2026_formamentis_data,cfm_v6_155933143077b4af059481a0337efb96dcac711155_s.csv,10,9,3454,35,female,portugal,portuguese,scientist,3
cfm_v6_1559429845768a83fd03d586e04985cf518d75ee1d_s,stella2026_formamentis_data,cfm_v6_1559429845768a83fd03d586e04985cf518d75ee1d_s.csv,10,10,3413,34,female,scottish,english,Lab technician,1
cfm_v6_1559498591ea232ad1f9d1ca1529ddd5a9667c92d6_s,stella2026_formamentis_data,cfm_v6_1559498591ea232ad1f9d1ca1529ddd5a9667c92d6_s.csv,10,10,3452,29,female,british,english,Train Cleaner,1
cfm_v6_15595019642788a01e50363e070bfbb31e71459c7b_s,stella2026_formamentis_data,cfm_v6_15595019642788a01e50363e070bfbb31e71459c7b_s.csv,10,10,3462,29,female,netherlands,dutch,Environment Engineer,3
cfm_v6_1559552285b48b919d7cad5aa9a412e6ef3b1038cf_s,stella2026_formamentis_data,cfm_v6_1559552285b48b919d7cad5aa9a412e6ef3b1038cf_s.csv,10,10,3498,24,female,dutch,dutch,Astronomy for development project officer,3
cfm_v6_15595646650eed8078dfa57335789705765b288baa_s,stella2026_formamentis_data,cfm_v6_15595646650eed8078dfa57335789705765b288baa_s.csv,10,10,3456,57,female,united kingdom,english,university teacher,3
cfm_v6_1559570667b06d0275441df4a91ffe91c6ea3a3aac_s,stella2026_formamentis_data,cfm_v6_1559570667b06d0275441df4a91ffe91c6ea3a3aac_s.csv,10,10,3471,40,female,british,english,STEM professional,3
cfm_v6_1559572173ab6926f501ed06694d2d7b9042cf8c7c_s,stella2026_formamentis_data,cfm_v6_1559572173ab6926f501ed06694d2d7b9042cf8c7c_s.csv,10,9,3467,42,male,british,english,CPD leader for teachers,3
cfm_v6_1559654151172c02ff31e9c64b012e6c39650ff0e8_s,stella2026_formamentis_data,cfm_v6_1559654151172c02ff31e9c64b012e6c39650ff0e8_s.csv,10,10,3438,34,female,cypriot,greek cypriot,University employee,3
cfm_v6_1559655571d4d3ee4098ce5c6db47df5b532dfd6bf_s,stella2026_formamentis_data,cfm_v6_1559655571d4d3ee4098ce5c6db47df5b532dfd6bf_s.csv,10,10,3434,26,female,british,english,PhD student,2
cfm_v6_1559826616bafd379e55bf8bfde552e5c610122959_s,stella2026_formamentis_data,cfm_v6_1559826616bafd379e55bf8bfde552e5c610122959_s.csv,10,8,3471,18,male,italian,italian,Student,1
cfm_v6_15598273832916e8f3a326a344597a768dc2405b8f_s,stella2026_formamentis_data,cfm_v6_15598273832916e8f3a326a344597a768dc2405b8f_s.csv,10,10,3471,18,male,italian,italian,Student,1
cfm_v6_1560587755a2dfc8ddbd52e4f2a65b6742800648ad_s,stella2026_formamentis_data,cfm_v6_1560587755a2dfc8ddbd52e4f2a65b6742800648ad_s.csv,10,9,3472,20,female,french,french,2nd year at university in acoustic,2
cfm_v6_156070061046d20c37527c1af5f17f418d40da520f_s,stella2026_formamentis_data,cfm_v6_156070061046d20c37527c1af5f17f418d40da520f_s.csv,10,10,3484,32,female,russian,russian,Project leader for contents development at an experimental welfare technology center in Norway,3
cfm_v6_15627476302368d4326137088540b8dd9b512577a3_s,stella2026_formamentis_data,cfm_v6_15627476302368d4326137088540b8dd9b512577a3_s.csv,10,10,3489,23,male,singaporean,english,student,1
cfm_v6_15647654980e78356fbcb77f8044f726acd8f15029_s,stella2026_formamentis_data,cfm_v6_15647654980e78356fbcb77f8044f726acd8f15029_s.csv,10,10,3458,30,male,taiwan,taiwan mandarin,graduate student,2
cfm_v6_156646274217f425920bcf8a82c70097434c538603_s,stella2026_formamentis_data,cfm_v6_156646274217f425920bcf8a82c70097434c538603_s.csv,10,10,3474,25,female,chinese,chinese,master student,1
cfm_v6_1568661956ed370125de91c49ef95315ff3f4fe1ce_s,stella2026_formamentis_data,cfm_v6_1568661956ed370125de91c49ef95315ff3f4fe1ce_s.csv,10,10,3428,48,female,spanish,spanish,University lecturer,3
cfm_v6_1568823080a54c7145cc528f0bb5e404742d405961_s,stella2026_formamentis_data,cfm_v6_1568823080a54c7145cc528f0bb5e404742d405961_s.csv,10,10,3439,18,female,serbian,serbian,Student,1
cfm_v6_15695554640977dbb23d08c795c797907cb4626263_s,stella2026_formamentis_data,cfm_v6_15695554640977dbb23d08c795c797907cb4626263_s.csv,10,10,3451,36,female,iranian,farsi,Postdoctoral Fellow in Computational Neuroscience and AI,1
cfm_v6_1571932592b4407ea06f08ae8828849d1042ef4a93_s,stella2026_formamentis_data,cfm_v6_1571932592b4407ea06f08ae8828849d1042ef4a93_s.csv,10,10,3441,21,female,serbian,serbian,Student,2
cfm_v6_1571932790ec6c6fa5437065451ea31743616a1e6b_s,stella2026_formamentis_data,cfm_v6_1571932790ec6c6fa5437065451ea31743616a1e6b_s.csv,10,9,3460,27,male,british,english (uk),,3
cfm_v6_1571932792ec6c6fa5437065451ea31743616a1e6b_s,stella2026_formamentis_data,cfm_v6_1571932792ec6c6fa5437065451ea31743616a1e6b_s.csv,10,9,3460,27,male,british,english (uk),,3
cfm_v6_15719332794de803f25f3e098ab5dfccdff2871861_s,stella2026_formamentis_data,cfm_v6_15719332794de803f25f3e098ab5dfccdff2871861_s.csv,10,10,3452,40,female,serbian,serbian,scientist,3
cfm_v6_1571933716320e27c9772e963f90e6968763a0f297_s,stella2026_formamentis_data,cfm_v6_1571933716320e27c9772e963f90e6968763a0f297_s.csv,10,10,3433,18,female,serbian,serbian,Iam a high school student,1
cfm_v6_1571934687a5c726ac5f3ca0228faf3d812a825cc3_s,stella2026_formamentis_data,cfm_v6_1571934687a5c726ac5f3ca0228faf3d812a825cc3_s.csv,10,10,3551,24,male,serbian,serbian,Physicist,2
cfm_v6_1571941340a54eb116695f772f0d82ea25ef904e24_s,stella2026_formamentis_data,cfm_v6_1571941340a54eb116695f772f0d82ea25ef904e24_s.csv,10,10,3497,28,female,serbian,serbian,Scientist,1
cfm_v6_157198192458c33681ff433c3a385abcc264b87fb0_s,stella2026_formamentis_data,cfm_v6_157198192458c33681ff433c3a385abcc264b87fb0_s.csv,10,10,3480,26,male,serbian,serbian,Research and teaching associate,3
cfm_v6_1571994595b1347da34e28bebdd039e04b3df7ecb5_s,stella2026_formamentis_data,cfm_v6_1571994595b1347da34e28bebdd039e04b3df7ecb5_s.csv,10,10,3459,28,male,spanish,spanish,Finishing my Ph.D.,2
cfm_v6_157199716167d845aa1c42d8350ceb65567b2190fb_s,stella2026_formamentis_data,cfm_v6_157199716167d845aa1c42d8350ceb65567b2190fb_s.csv,10,9,3482,34,male,france,french,researcher,3
cfm_v6_1571999747c11594cde0c10c351fc4cff1b26300f8_s,stella2026_formamentis_data,cfm_v6_1571999747c11594cde0c10c351fc4cff1b26300f8_s.csv,10,10,3462,47,male,brazilian,portuguese,Researcher,3
cfm_v6_1572002267aa6a8e263aee0a0f068647e63aff60dc_s,stella2026_formamentis_data,cfm_v6_1572002267aa6a8e263aee0a0f068647e63aff60dc_s.csv,10,10,3444,31,male,irish,english,Postdoctoral researcher,3
cfm_v6_1572011248129e6594551f1fc5a4974f7c7bdfa3fa_s,stella2026_formamentis_data,cfm_v6_1572011248129e6594551f1fc5a4974f7c7bdfa3fa_s.csv,10,10,3414,28,male,italian,italian,researcher,3
cfm_v6_15720126307eee87d66a7638e42cb20a19095a71ae_s,stella2026_formamentis_data,cfm_v6_15720126307eee87d66a7638e42cb20a19095a71ae_s.csv,10,10,3477,26,female,serbian,serbian,PhD in neuroscience,2
cfm_v6_1572033538f0491a7e7eba8c212f9d0c8f78c30f7b_s,stella2026_formamentis_data,cfm_v6_1572033538f0491a7e7eba8c212f9d0c8f78c30f7b_s.csv,10,10,3442,30,female,canada,english,Postdoc,3
cfm_v6_1572056902ad3e81af9faddea95768515d16cfc089_s,stella2026_formamentis_data,cfm_v6_1572056902ad3e81af9faddea95768515d16cfc089_s.csv,10,10,3477,30,male,british,english,mathematician,3
cfm_v6_1572074126fb20f3d26607cb3c4e5ad9badd240691_s,stella2026_formamentis_data,cfm_v6_1572074126fb20f3d26607cb3c4e5ad9badd240691_s.csv,10,10,3419,48,female,spanish,spanish,University lecturer,3
cfm_v6_15721006105c4348ca777557b6773b2508045ccec9_s,stella2026_formamentis_data,cfm_v6_15721006105c4348ca777557b6773b2508045ccec9_s.csv,10,10,3440,32,male,chilean,spanish,Physicist,3
cfm_v6_1572254146342f9fae7b86fc8ab79cefe7149277b1_s,stella2026_formamentis_data,cfm_v6_1572254146342f9fae7b86fc8ab79cefe7149277b1_s.csv,10,10,3435,,,,,,3
cfm_v6_15744168119c5836fa5b175ce58ede4cb3c50fb8b7_s,stella2026_formamentis_data,cfm_v6_15744168119c5836fa5b175ce58ede4cb3c50fb8b7_s.csv,10,10,3456,35,male,italian,italian,Researcher,3
